{
    "data": {
        "days": [
            "Fri",
            "Sat",
            "Sun",
            "Mon",
            "Tue",
            "Wed",
            "Thu"
        ],
        "routes": [
            {
                "city": "Dhaka",
                "departure_time": "11:30 am BST",
                "halt": null,
                "duration": null,
                "arrival_time": null
            },
            {
                "city": "Biman_Bandar",
                "arrival_time": "11:53 am BST",
                "departure_time": "11:58 am BST",
                "halt": "05",
                "duration": "00:23"
            },
            {
                "city": "Gafargaon",
                "arrival_time": "01:45 pm BST",
                "departure_time": "01:47 pm BST",
                "halt": "02",
                "duration": "01:47"
            },
            {
                "city": "Mymensingh",
                "arrival_time": "02:35 pm BST",
                "departure_time": "02:38 pm BST",
                "halt": "03",
                "duration": "00:48"
            },
            {
                "city": "Narundi",
                "arrival_time": "03:16 pm BST",
                "departure_time": "03:18 pm BST",
                "halt": "02",
                "duration": "00:38"
            },
            {
                "city": "Jamalpur_Town",
                "arrival_time": "03:38 pm BST",
                "departure_time": "03:42 pm BST",
                "halt": "04",
                "duration": "00:20"
            },
            {
                "city": "Kendua_Bazar",
                "arrival_time": "04:00 pm BST",
                "departure_time": "04:02 pm BST",
                "halt": "02",
                "duration": "00:18"
            },
            {
                "city": "Sarishabari",
                "arrival_time": "04:33 pm BST",
                "departure_time": "04:35 pm BST",
                "halt": "02",
                "duration": "00:31"
            },
            {
                "city": "Tarakandi",
                "arrival_time": "05:00 pm BST",
                "halt": null,
                "duration": "00:25",
                "departure_time": null
            }
        ],
        "total_duration": "05:30",
        "train_name": "AGHNIBINA EXPRESS (735)"
    },
    "extra": {
        "hash": "E4CFA1D42AA2A482B6D6BA0B7015786C"
    }
}