{
    "data": {
        "days": [
            "Sun",
            "Thu"
        ],
        "routes": [
            {
                "city": "Kolkata",
                "departure_time": "07:10 am IST",
                "halt": null,
                "duration": null,
                "arrival_time": null
            },
            {
                "city": "Khulna",
                "arrival_time": "12:30 pm BST",
                "halt": null,
                "duration": "04:50",
                "departure_time": null
            }
        ],
        "total_duration": "04:50",
        "train_name": "BANDHAN EXPRESS (3129)"
    },
    "extra": {
        "hash": "E4CFA1D42AA2A482B6D6BA0B7015786C"
    }
}