{
    "data": {
        "days": [
            "Fri",
            "Sun",
            "Mon",
            "Tue",
            "Wed",
            "Thu"
        ],
        "routes": [
            {
                "city": "Panchagarh",
                "departure_time": "09:00 am BST",
                "halt": null,
                "duration": null,
                "arrival_time": null
            },
            {
                "city": "Kismat",
                "departure_time": "09:19 am BST",
                "arrival_time": "09:17 am BST",
                "halt": "02",
                "duration": "00:17"
            },
            {
                "city": "Ruhia",
                "departure_time": "09:30 am BST",
                "arrival_time": "09:28 am BST",
                "halt": "02",
                "duration": "00:09"
            },
            {
                "city": "Thakurgaon_Road",
                "arrival_time": "09:46 am BST",
                "departure_time": "09:49 am BST",
                "halt": "03",
                "duration": "00:16"
            },
            {
                "city": "Shibganj",
                "departure_time": "09:58 am BST",
                "arrival_time": "09:56 am BST",
                "halt": "02",
                "duration": "00:07"
            },
            {
                "city": "Pirganj",
                "departure_time": "10:16 am BST",
                "arrival_time": "10:14 am BST",
                "halt": "02",
                "duration": "00:16"
            },
            {
                "city": "Setabganj",
                "departure_time": "10:35 am BST",
                "arrival_time": "10:33 am BST",
                "halt": "02",
                "duration": "00:17"
            },
            {
                "city": "Dinajpur",
                "departure_time": "11:14 am BST",
                "arrival_time": "11:06 am BST",
                "halt": "08",
                "duration": "00:31"
            },
            {
                "city": "Chirirbandar",
                "departure_time": "11:35 am BST",
                "arrival_time": "11:33 am BST",
                "halt": "02",
                "duration": "00:19"
            },
            {
                "city": "Parbatipur",
                "arrival_time": "12:00 pm BST",
                "departure_time": "12:20 pm BST",
                "halt": "20",
                "duration": "00:25"
            },
            {
                "city": "Fulbari",
                "arrival_time": "12:38 pm BST",
                "departure_time": "12:41 pm BST",
                "halt": "03",
                "duration": "00:18"
            },
            {
                "city": "Birampur",
                "arrival_time": "12:52 pm BST",
                "departure_time": "12:55 pm BST",
                "halt": "03",
                "duration": "00:11"
            },
            {
                "city": "Panchbibi",
                "arrival_time": "01:25 pm BST",
                "departure_time": "01:29 pm BST",
                "halt": "04",
                "duration": "00:30"
            },
            {
                "city": "Joypurhat",
                "arrival_time": "01:40 pm BST",
                "departure_time": "01:43 pm BST",
                "halt": "03",
                "duration": "00:11"
            },
            {
                "city": "Akkelpur",
                "arrival_time": "02:09 pm BST",
                "departure_time": "02:11 pm BST",
                "halt": "02",
                "duration": "00:26"
            },
            {
                "city": "Santahar",
                "arrival_time": "02:30 pm BST",
                "departure_time": "02:35 pm BST",
                "halt": "05",
                "duration": "00:19"
            },
            {
                "city": "Ahsanganj",
                "arrival_time": "03:02 pm BST",
                "departure_time": "03:05 pm BST",
                "halt": "03",
                "duration": "00:27"
            },
            {
                "city": "Madhnagar",
                "arrival_time": "03:14 pm BST",
                "departure_time": "03:17 pm BST",
                "halt": "03",
                "duration": "00:09"
            },
            {
                "city": "Natore",
                "arrival_time": "03:38 pm BST",
                "departure_time": "03:42 pm BST",
                "halt": "04",
                "duration": "00:21"
            },
            {
                "city": "Abdulpur",
                "arrival_time": "04:00 pm BST",
                "departure_time": "04:20 pm BST",
                "halt": "20",
                "duration": "00:18"
            },
            {
                "city": "Rajshahi",
                "arrival_time": "05:35 pm BST",
                "halt": null,
                "duration": "01:15",
                "departure_time": null
            }
        ],
        "total_duration": "08:35",
        "train_name": "BANGLABANDHA EXPRESS (804)"
    },
    "extra": {
        "hash": "FE8AB15B345270CFF53BFA245BE670BC"
    }
}