{
    "data": {
        "days": [
            "Sat",
            "Sun",
            "Mon",
            "Tue",
            "Wed",
            "Thu"
        ],
        "routes": [
            {
                "city": "Rajshahi",
                "departure_time": "09:00 pm BST",
                "halt": null,
                "duration": null,
                "arrival_time": null
            },
            {
                "city": "Abdulpur",
                "arrival_time": "09:45 pm BST",
                "departure_time": "10:04 pm BST",
                "halt": "19",
                "duration": "00:45"
            },
            {
                "city": "Natore",
                "arrival_time": "10:21 pm BST",
                "departure_time": "10:24 pm BST",
                "halt": "03",
                "duration": "00:17"
            },
            {
                "city": "Madhnagar",
                "arrival_time": "10:37 pm BST",
                "departure_time": "10:40 pm BST",
                "halt": "03",
                "duration": "00:13"
            },
            {
                "city": "Ahsanganj",
                "arrival_time": "10:57 pm BST",
                "departure_time": "11:00 pm BST",
                "halt": "03",
                "duration": "00:17"
            },
            {
                "city": "Santahar",
                "departure_time": "11:30 pm BST",
                "arrival_time": "11:25 pm BST",
                "halt": "05",
                "duration": "00:25"
            },
            {
                "city": "Akkelpur",
                "arrival_time": "11:50 pm BST",
                "departure_time": "11:52 pm BST",
                "halt": "02",
                "duration": "00:20"
            },
            {
                "city": "Joypurhat",
                "departure_time": "12:09 am BST",
                "arrival_time": "12:06 am BST",
                "halt": "03",
                "duration": "00:14"
            },
            {
                "city": "Panchbibi",
                "departure_time": "12:22 am BST",
                "arrival_time": "12:20 am BST",
                "halt": "02",
                "duration": "00:11"
            },
            {
                "city": "Birampur",
                "departure_time": "12:53 am BST",
                "arrival_time": "12:50 am BST",
                "halt": "03",
                "duration": "00:28"
            },
            {
                "city": "Fulbari",
                "departure_time": "01:07 am BST",
                "arrival_time": "01:04 am BST",
                "halt": "03",
                "duration": "00:11"
            },
            {
                "city": "Parbatipur",
                "departure_time": "01:45 am BST",
                "arrival_time": "01:35 am BST",
                "halt": "10",
                "duration": "00:28"
            },
            {
                "city": "Chirirbandar",
                "departure_time": "02:02 am BST",
                "arrival_time": "02:00 am BST",
                "halt": "02",
                "duration": "00:15"
            },
            {
                "city": "Dinajpur",
                "departure_time": "02:25 am BST",
                "arrival_time": "02:20 am BST",
                "halt": "05",
                "duration": "00:18"
            },
            {
                "city": "Setabganj",
                "arrival_time": "02:56 am BST",
                "departure_time": "02:58 am BST",
                "halt": "02",
                "duration": "00:31"
            },
            {
                "city": "Pirganj",
                "arrival_time": "03:12 am BST",
                "departure_time": "03:14 am BST",
                "halt": "02",
                "duration": "00:14"
            },
            {
                "city": "Shibganj",
                "departure_time": "03:31 am BST",
                "arrival_time": "03:29 am BST",
                "halt": "1438",
                "duration": "00:15"
            },
            {
                "city": "Thakurgaon_Road",
                "arrival_time": "03:39 am BST",
                "departure_time": "03:42 am BST",
                "halt": "03",
                "duration": "00:08"
            },
            {
                "city": "Ruhia",
                "arrival_time": "03:57 am BST",
                "departure_time": "03:59 am BST",
                "halt": "02",
                "duration": "00:15"
            },
            {
                "city": "Kismat",
                "arrival_time": "04:08 am BST",
                "departure_time": "04:10 am BST",
                "halt": "02",
                "duration": "00:09"
            },
            {
                "city": "B Sirajul Islam",
                "arrival_time": "04:30 am BST",
                "halt": null,
                "duration": "00:20",
                "departure_time": null
            }
        ],
        "total_duration": "07:30",
        "train_name": "BANGLABANDHA EXPRESS (803)"
    },
    "extra": {
        "hash": "514D97166D2B16D7D4CA0823A966E975"
    }
}