{
    "data": {
        "days": [
            "Sat",
            "Sun",
            "Mon",
            "Tue",
            "Wed",
            "Thu"
        ],
        "routes": [
            {
                "city": "Rajshahi",
                "departure_time": "09:00 pm BST",
                "halt": null,
                "duration": null,
                "arrival_time": null
            },
            {
                "city": "Abdulpur",
                "arrival_time": "09:40 pm BST",
                "departure_time": "10:00 pm BST",
                "halt": "20",
                "duration": "00:40"
            },
            {
                "city": "Natore",
                "arrival_time": "10:17 pm BST",
                "departure_time": "10:20 pm BST",
                "halt": "03",
                "duration": "00:17"
            },
            {
                "city": "Madhnagar",
                "arrival_time": "10:46 pm BST",
                "departure_time": "10:48 pm BST",
                "halt": "02",
                "duration": "00:26"
            },
            {
                "city": "Ahsanganj",
                "arrival_time": "10:57 pm BST",
                "departure_time": "10:59 pm BST",
                "halt": "02",
                "duration": "00:09"
            },
            {
                "city": "Santahar",
                "departure_time": "11:25 pm BST",
                "arrival_time": "11:21 pm BST",
                "halt": "04",
                "duration": "00:22"
            },
            {
                "city": "Akkelpur",
                "arrival_time": "11:45 pm BST",
                "departure_time": "11:47 pm BST",
                "halt": "02",
                "duration": "00:20"
            },
            {
                "city": "Joypurhat",
                "departure_time": "12:04 am BST",
                "arrival_time": "12:02 am BST",
                "halt": "02",
                "duration": "00:15"
            },
            {
                "city": "Panchbibi",
                "departure_time": "12:17 am BST",
                "arrival_time": "12:15 am BST",
                "halt": "02",
                "duration": "00:11"
            },
            {
                "city": "Birampur",
                "departure_time": "12:40 am BST",
                "arrival_time": "12:37 am BST",
                "halt": "03",
                "duration": "00:20"
            },
            {
                "city": "Fulbari",
                "departure_time": "01:01 am BST",
                "arrival_time": "12:58 am BST",
                "halt": "03",
                "duration": "00:18"
            },
            {
                "city": "Parbatipur",
                "departure_time": "01:50 am BST",
                "arrival_time": "01:30 am BST",
                "halt": "20",
                "duration": "00:29"
            },
            {
                "city": "Chirirbandar",
                "departure_time": "02:07 am BST",
                "arrival_time": "02:05 am BST",
                "halt": "02",
                "duration": "00:15"
            },
            {
                "city": "Dinajpur",
                "departure_time": "02:30 am BST",
                "arrival_time": "02:25 am BST",
                "halt": "05",
                "duration": "00:18"
            },
            {
                "city": "Setabganj",
                "arrival_time": "03:01 am BST",
                "departure_time": "03:03 am BST",
                "halt": "02",
                "duration": "00:31"
            },
            {
                "city": "Pirganj",
                "arrival_time": "03:17 am BST",
                "departure_time": "03:19 am BST",
                "halt": "02",
                "duration": "00:14"
            },
            {
                "city": "Shibganj",
                "departure_time": "03:36 am BST",
                "arrival_time": "03:34 am BST",
                "halt": "1438",
                "duration": "00:15"
            },
            {
                "city": "Thakurgaon_Road",
                "arrival_time": "03:43 am BST",
                "departure_time": "03:47 am BST",
                "halt": "04",
                "duration": "00:07"
            },
            {
                "city": "Ruhia",
                "arrival_time": "04:02 am BST",
                "departure_time": "04:04 am BST",
                "halt": "02",
                "duration": "00:15"
            },
            {
                "city": "Kismat",
                "arrival_time": "04:15 am BST",
                "departure_time": "04:17 am BST",
                "halt": "02",
                "duration": "00:11"
            },
            {
                "city": "Panchagarh",
                "arrival_time": "04:40 am BST",
                "halt": null,
                "duration": "00:23",
                "departure_time": null
            }
        ],
        "total_duration": "07:40",
        "train_name": "BANGLABANDHA EXPRESS (803)"
    },
    "extra": {
        "hash": "E51E2E1F970A42DE810B9F05F8C7710D"
    }
}