{
    "data": {
        "days": [
            "Fri",
            "Sat",
            "Mon",
            "Tue",
            "Wed",
            "Thu"
        ],
        "routes": [
            {
                "city": "Chilahati",
                "departure_time": "05:00 am BST",
                "halt": null,
                "duration": null,
                "arrival_time": null
            },
            {
                "city": "Domar",
                "departure_time": "05:21 am BST",
                "arrival_time": "05:18 am BST",
                "halt": "03",
                "duration": "00:18"
            },
            {
                "city": "Nilphamari",
                "departure_time": "05:39 am BST",
                "arrival_time": "05:36 am BST",
                "halt": "03",
                "duration": "00:15"
            },
            {
                "city": "Saidpur",
                "departure_time": "06:08 am BST",
                "arrival_time": "06:04 am BST",
                "halt": "04",
                "duration": "00:25"
            },
            {
                "city": "Parbatipur",
                "arrival_time": "06:25 am BST",
                "departure_time": "06:45 am BST",
                "halt": "20",
                "duration": "00:17"
            },
            {
                "city": "Fulbari",
                "departure_time": "07:06 am BST",
                "arrival_time": "07:03 am BST",
                "halt": "03",
                "duration": "00:18"
            },
            {
                "city": "Birampur",
                "departure_time": "07:20 am BST",
                "arrival_time": "07:17 am BST",
                "halt": "03",
                "duration": "00:11"
            },
            {
                "city": "Hili",
                "arrival_time": "07:33 am BST",
                "halt": "---",
                "duration": "00:13"
            },
            {
                "city": "Panchbibi",
                "arrival_time": "07:45 am BST",
                "departure_time": "07:47 am BST",
                "halt": "02",
                "duration": "---"
            },
            {
                "city": "Joypurhat",
                "arrival_time": "07:58 am BST",
                "departure_time": "08:01 am BST",
                "halt": "03",
                "duration": "00:11"
            },
            {
                "city": "Akkelpur",
                "arrival_time": "08:15 am BST",
                "departure_time": "08:17 am BST",
                "halt": "02",
                "duration": "00:14"
            },
            {
                "city": "Santahar",
                "arrival_time": "08:40 am BST",
                "departure_time": "08:45 am BST",
                "halt": "05",
                "duration": "00:23"
            },
            {
                "city": "Ahsanganj",
                "arrival_time": "09:07 am BST",
                "departure_time": "09:10 am BST",
                "halt": "03",
                "duration": "00:22"
            },
            {
                "city": "Natore",
                "arrival_time": "09:32 am BST",
                "departure_time": "09:35 am BST",
                "halt": "03",
                "duration": "00:22"
            },
            {
                "city": "Abdulpur",
                "arrival_time": "09:55 am BST",
                "departure_time": "10:15 am BST",
                "halt": "20",
                "duration": "00:20"
            },
            {
                "city": "Rajshahi",
                "arrival_time": "11:10 am BST",
                "halt": null,
                "duration": "00:55",
                "departure_time": null
            }
        ],
        "total_duration": "06:10",
        "train_name": "BARENDRA EXPRESS (732)"
    },
    "extra": {
        "hash": "E4CFA1D42AA2A482B6D6BA0B7015786C"
    }
}