{
    "data": {
        "days": [
            "Fri",
            "Sat",
            "Sun",
            "Mon",
            "Tue",
            "Thu"
        ],
        "routes": [
            {
                "city": "Dhaka",
                "departure_time": "11:30 pm BST",
                "halt": null,
                "duration": null,
                "arrival_time": null
            },
            {
                "city": "Bhanga",
                "arrival_time": "12:40 am BST",
                "departure_time": "12:42 am BST",
                "halt": "02",
                "duration": "01:10"
            },
            {
                "city": "Faridpur",
                "arrival_time": "01:13 am BST",
                "departure_time": "01:16 am BST",
                "halt": "03",
                "duration": "00:31"
            },
            {
                "city": "Rajbari",
                "arrival_time": "01:50 am BST",
                "departure_time": "02:00 am BST",
                "halt": "10",
                "duration": "00:34"
            },
            {
                "city": "Khoksha",
                "arrival_time": "02:36 am BST",
                "departure_time": "02:38 am BST",
                "halt": "02",
                "duration": "00:36"
            },
            {
                "city": "Kushtia_Court",
                "arrival_time": "03:01 am BST",
                "departure_time": "03:04 am BST",
                "halt": "03",
                "duration": "00:23"
            },
            {
                "city": "Poradaha",
                "arrival_time": "03:20 am BST",
                "departure_time": "03:23 am BST",
                "halt": "03",
                "duration": "00:16"
            },
            {
                "city": "Chuadanga",
                "arrival_time": "03:52 am BST",
                "departure_time": "03:55 am BST",
                "halt": "03",
                "duration": "00:29"
            },
            {
                "city": "Darshana_Halt",
                "arrival_time": "04:16 am BST",
                "departure_time": "04:19 am BST",
                "halt": "03",
                "duration": "00:21"
            },
            {
                "city": "Kotchandpur",
                "arrival_time": "04:44 am BST",
                "departure_time": "04:46 am BST",
                "halt": "02",
                "duration": "00:25"
            },
            {
                "city": "Mubarakganj",
                "arrival_time": "04:58 am BST",
                "departure_time": "05:00 am BST",
                "halt": "02",
                "duration": "00:12"
            },
            {
                "city": "Jashore",
                "arrival_time": "05:35 am BST",
                "departure_time": "06:00 am BST",
                "halt": "25",
                "duration": "00:35"
            },
            {
                "city": "Jhikargacha",
                "arrival_time": "06:19 am BST",
                "departure_time": "06:21 am BST",
                "halt": "02",
                "duration": "00:19"
            },
            {
                "city": "Benapole",
                "arrival_time": "07:00 am BST",
                "halt": null,
                "duration": "00:39",
                "departure_time": null
            }
        ],
        "total_duration": "07:30",
        "train_name": "BENAPOLE EXPRESS (796)"
    },
    "extra": {
        "hash": "E51E2E1F970A42DE810B9F05F8C7710D"
    }
}