{
    "data": {
        "days": [
            "Fri",
            "Sat",
            "Sun",
            "Mon",
            "Tue",
            "Wed",
            "Thu"
        ],
        "routes": [
            {
                "city": "Dhaka",
                "departure_time": "06:15 pm BST",
                "halt": null,
                "duration": null,
                "arrival_time": null
            },
            {
                "city": "Biman_Bandar",
                "arrival_time": "06:38 pm BST",
                "departure_time": "06:43 pm BST",
                "halt": "05",
                "duration": "00:23"
            },
            {
                "city": "Joydebpur",
                "arrival_time": "07:14 pm BST",
                "departure_time": "07:18 pm BST",
                "halt": "04",
                "duration": "00:31"
            },
            {
                "city": "Gafargaon",
                "arrival_time": "08:35 pm BST",
                "departure_time": "08:37 pm BST",
                "halt": "02",
                "duration": "01:17"
            },
            {
                "city": "Mymensingh",
                "arrival_time": "09:23 pm BST",
                "departure_time": "09:28 pm BST",
                "halt": "05",
                "duration": "00:46"
            },
            {
                "city": "Piyarpur",
                "arrival_time": "09:58 pm BST",
                "departure_time": "10:00 pm BST",
                "halt": "02",
                "duration": "00:30"
            },
            {
                "city": "Nandina",
                "arrival_time": "10:22 pm BST",
                "departure_time": "10:24 pm BST",
                "halt": "02",
                "duration": "00:22"
            },
            {
                "city": "Jamalpur_Town",
                "arrival_time": "10:39 pm BST",
                "departure_time": "10:42 pm BST",
                "halt": "03",
                "duration": "00:15"
            },
            {
                "city": "Melandah_Bazar",
                "arrival_time": "10:58 pm BST",
                "departure_time": "11:00 pm BST",
                "halt": "02",
                "duration": "00:16"
            },
            {
                "city": "Islampur_Bazar",
                "arrival_time": "11:16 pm BST",
                "departure_time": "11:18 pm BST",
                "halt": "02",
                "duration": "00:16"
            },
            {
                "city": "Dewanganj_Bazar",
                "arrival_time": "11:50 pm BST",
                "halt": null,
                "duration": "00:32",
                "departure_time": null
            }
        ],
        "total_duration": "05:35",
        "train_name": "BHRAMMAPUTRA EXPRESS (743)"
    },
    "extra": {
        "hash": "E51E2E1F970A42DE810B9F05F8C7710D"
    }
}