{
    "data": {
        "days": [
            "Fri",
            "Sat",
            "Sun",
            "Mon",
            "Wed",
            "Thu"
        ],
        "routes": [
            {
                "city": "Jamalpur_Town",
                "departure_time": "08:00 pm BST",
                "halt": null,
                "duration": null,
                "arrival_time": null
            },
            {
                "city": "Piyarpur",
                "departure_time": "08:32 pm BST",
                "arrival_time": "08:30 pm BST",
                "halt": "02",
                "duration": "00:30"
            },
            {
                "city": "Mymensingh",
                "departure_time": "09:35 pm BST",
                "arrival_time": "09:05 pm BST",
                "halt": "30",
                "duration": "00:33"
            },
            {
                "city": "Gouripur_Myn",
                "arrival_time": "10:00 pm BST",
                "departure_time": "10:20 pm BST",
                "halt": "20",
                "duration": "00:25"
            },
            {
                "city": "Atharabari",
                "arrival_time": "10:47 pm BST",
                "halt": "---",
                "duration": "00:27"
            },
            {
                "city": "Kishorganj",
                "departure_time": "11:26 pm BST",
                "arrival_time": "11:21 pm BST",
                "halt": "05",
                "duration": "---"
            },
            {
                "city": "Sararchar",
                "arrival_time": "11:59 pm BST",
                "departure_time": "12:01 am BST",
                "halt": "02",
                "duration": "00:33"
            },
            {
                "city": "Bhairab_Bazar",
                "arrival_time": "12:30 am BST",
                "departure_time": "12:35 am BST",
                "halt": "05",
                "duration": "00:29"
            },
            {
                "city": "Akhaura",
                "arrival_time": "01:20 am BST",
                "departure_time": "01:25 am BST",
                "halt": "05",
                "duration": "00:45"
            },
            {
                "city": "Cumilla",
                "arrival_time": "02:08 am BST",
                "departure_time": "02:10 am BST",
                "halt": "02",
                "duration": "00:43"
            },
            {
                "city": "Laksam",
                "arrival_time": "02:32 am BST",
                "departure_time": "02:35 am BST",
                "halt": "03",
                "duration": "00:22"
            },
            {
                "city": "Feni",
                "arrival_time": "03:15 am BST",
                "departure_time": "03:17 am BST",
                "halt": "02",
                "duration": "00:40"
            },
            {
                "city": "Bhatiary",
                "arrival_time": "04:25 am BST",
                "departure_time": "04:27 am BST",
                "halt": "02",
                "duration": "01:08"
            },
            {
                "city": "Chattogram",
                "arrival_time": "05:00 am BST",
                "halt": null,
                "duration": "00:33",
                "departure_time": null
            }
        ],
        "total_duration": "09:00",
        "train_name": "BIJOY EXPRESS (786)"
    },
    "extra": {
        "hash": "E4CFA1D42AA2A482B6D6BA0B7015786C"
    }
}