{
    "data": {
        "days": [
            "Fri",
            "Sat",
            "Sun",
            "Mon",
            "Wed",
            "Thu"
        ],
        "routes": [
            {
                "city": "Dhaka",
                "departure_time": "08:30 am BST",
                "halt": null,
                "duration": null,
                "arrival_time": null
            },
            {
                "city": "Biman_Bandar",
                "arrival_time": "08:53 am BST",
                "departure_time": "08:58 am BST",
                "halt": "05",
                "duration": "00:23"
            },
            {
                "city": "Ishwardi Bypass",
                "arrival_time": "12:28 pm BST",
                "departure_time": "12:30 pm BST",
                "halt": "02",
                "duration": "03:30"
            },
            {
                "city": "Natore",
                "arrival_time": "01:01 pm BST",
                "departure_time": "01:05 pm BST",
                "halt": "04",
                "duration": "00:31"
            },
            {
                "city": "Santahar",
                "arrival_time": "02:15 pm BST",
                "departure_time": "02:20 pm BST",
                "halt": "05",
                "duration": "01:10"
            },
            {
                "city": "Bogura",
                "arrival_time": "03:00 pm BST",
                "departure_time": "03:05 pm BST",
                "halt": "05",
                "duration": "00:40"
            },
            {
                "city": "Bonar_Para",
                "arrival_time": "03:55 pm BST",
                "departure_time": "04:00 pm BST",
                "halt": "05",
                "duration": "00:50"
            },
            {
                "city": "Gaibandha",
                "arrival_time": "04:24 pm BST",
                "departure_time": "04:29 pm BST",
                "halt": "05",
                "duration": "00:24"
            },
            {
                "city": "Kaunia",
                "arrival_time": "05:36 pm BST",
                "departure_time": "05:39 pm BST",
                "halt": "03",
                "duration": "01:07"
            },
            {
                "city": "Lalmonirhat",
                "arrival_time": "06:10 pm BST",
                "departure_time": "06:50 pm BST",
                "halt": "40",
                "duration": "00:31"
            },
            {
                "city": "Tushbhandar",
                "arrival_time": "07:52 pm BST",
                "halt": "---",
                "duration": "01:02"
            },
            {
                "city": "Hatibandha",
                "arrival_time": "08:28 pm BST",
                "halt": "---",
                "duration": "---"
            },
            {
                "city": "Barkhata",
                "arrival_time": "08:42 pm BST",
                "halt": "---",
                "duration": "---"
            },
            {
                "city": "Patgram",
                "arrival_time": "09:18 pm BST",
                "halt": "---",
                "duration": "---"
            },
            {
                "city": "Burimari",
                "arrival_time": "09:40 pm BST",
                "halt": null,
                "duration": "---",
                "departure_time": null
            }
        ],
        "total_duration": "13:10",
        "train_name": "BURIMARI EXPRESS (809)"
    },
    "extra": {
        "hash": "514D97166D2B16D7D4CA0823A966E975"
    }
}