{
    "data": {
        "days": [
            "Sat",
            "Sun",
            "Mon",
            "Tue",
            "Wed",
            "Thu"
        ],
        "routes": [
            {
                "city": "Rajbari",
                "departure_time": "05:00 am BST",
                "halt": null,
                "duration": null,
                "arrival_time": null
            },
            {
                "city": "Faridpur",
                "arrival_time": "05:31 am BST",
                "departure_time": "05:33 am BST",
                "halt": "02",
                "duration": "00:31"
            },
            {
                "city": "Bhanga",
                "arrival_time": "06:15 am BST",
                "halt": null,
                "duration": "00:42",
                "departure_time": null
            }
        ],
        "total_duration": "01:15",
        "train_name": "CHANDANA COMMUTER (121)"
    },
    "extra": {
        "hash": "FE8AB15B345270CFF53BFA245BE670BC"
    }
}