{
    "data": {
        "days": [
            "Sat",
            "Sun",
            "Mon",
            "Tue",
            "Wed",
            "Thu"
        ],
        "routes": [
            {
                "city": "Dhaka",
                "departure_time": "01:45 pm BST",
                "halt": null,
                "duration": null,
                "arrival_time": null
            },
            {
                "city": "Biman_Bandar",
                "arrival_time": "02:07 pm BST",
                "departure_time": "02:12 pm BST",
                "halt": "05",
                "duration": "00:22"
            },
            {
                "city": "Narsingdi",
                "arrival_time": "02:50 pm BST",
                "departure_time": "02:55 pm BST",
                "halt": "05",
                "duration": "00:38"
            },
            {
                "city": "Methikanda",
                "arrival_time": "03:13 pm BST",
                "departure_time": "03:15 pm BST",
                "halt": "02",
                "duration": "00:18"
            },
            {
                "city": "Bhairab_Bazar",
                "arrival_time": "03:30 pm BST",
                "departure_time": "03:35 pm BST",
                "halt": "05",
                "duration": "00:15"
            },
            {
                "city": "Brahmanbaria",
                "arrival_time": "03:55 pm BST",
                "departure_time": "03:59 pm BST",
                "halt": "04",
                "duration": "00:20"
            },
            {
                "city": "Akhaura",
                "arrival_time": "04:25 pm BST",
                "departure_time": "04:27 pm BST",
                "halt": "02",
                "duration": "00:26"
            },
            {
                "city": "Quasba",
                "arrival_time": "04:43 pm BST",
                "departure_time": "04:45 pm BST",
                "halt": "02",
                "duration": "00:16"
            },
            {
                "city": "Shashidal",
                "arrival_time": "04:58 pm BST",
                "departure_time": "05:00 pm BST",
                "halt": "02",
                "duration": "00:13"
            },
            {
                "city": "Cumilla",
                "arrival_time": "05:17 pm BST",
                "departure_time": "05:22 pm BST",
                "halt": "05",
                "duration": "00:17"
            },
            {
                "city": "Laksam",
                "arrival_time": "05:45 pm BST",
                "departure_time": "05:47 pm BST",
                "halt": "02",
                "duration": "00:23"
            },
            {
                "city": "Nangolkot",
                "arrival_time": "06:01 pm BST",
                "departure_time": "06:03 pm BST",
                "halt": "02",
                "duration": "00:14"
            },
            {
                "city": "Hasanpur",
                "arrival_time": "06:10 pm BST",
                "departure_time": "06:12 pm BST",
                "halt": "02",
                "duration": "00:07"
            },
            {
                "city": "Feni",
                "arrival_time": "06:33 pm BST",
                "departure_time": "06:38 pm BST",
                "halt": "05",
                "duration": "00:21"
            },
            {
                "city": "Kumira",
                "arrival_time": "07:38 pm BST",
                "departure_time": "07:40 pm BST",
                "halt": "02",
                "duration": "01:00"
            },
            {
                "city": "Chattogram",
                "arrival_time": "08:10 pm BST",
                "halt": null,
                "duration": "00:30",
                "departure_time": null
            }
        ],
        "total_duration": "06:25",
        "train_name": "CHATTALA EXPRESS (802)"
    },
    "extra": {
        "hash": "514D97166D2B16D7D4CA0823A966E975"
    }
}