{
    "data": {
        "days": [
            "Sat",
            "Sun",
            "Mon",
            "Tue",
            "Wed",
            "Thu"
        ],
        "routes": [
            {
                "city": "Dhaka",
                "departure_time": "02:15 pm BST",
                "halt": null,
                "duration": null,
                "arrival_time": null
            },
            {
                "city": "Biman_Bandar",
                "arrival_time": "02:38 pm BST",
                "departure_time": "02:43 pm BST",
                "halt": "05",
                "duration": "00:23"
            },
            {
                "city": "Narsingdi",
                "arrival_time": "03:20 pm BST",
                "departure_time": "03:23 pm BST",
                "halt": "03",
                "duration": "00:37"
            },
            {
                "city": "Methikanda",
                "arrival_time": "03:41 pm BST",
                "departure_time": "03:43 pm BST",
                "halt": "02",
                "duration": "00:18"
            },
            {
                "city": "Bhairab_Bazar",
                "arrival_time": "03:57 pm BST",
                "departure_time": "04:00 pm BST",
                "halt": "03",
                "duration": "00:14"
            },
            {
                "city": "Brahmanbaria",
                "arrival_time": "04:19 pm BST",
                "departure_time": "04:23 pm BST",
                "halt": "04",
                "duration": "00:19"
            },
            {
                "city": "Akhaura",
                "arrival_time": "04:42 pm BST",
                "departure_time": "04:45 pm BST",
                "halt": "03",
                "duration": "00:19"
            },
            {
                "city": "Quasba",
                "arrival_time": "05:01 pm BST",
                "departure_time": "05:03 pm BST",
                "halt": "02",
                "duration": "00:16"
            },
            {
                "city": "Shashidal",
                "arrival_time": "05:16 pm BST",
                "departure_time": "05:18 pm BST",
                "halt": "02",
                "duration": "00:13"
            },
            {
                "city": "Cumilla",
                "arrival_time": "05:40 pm BST",
                "departure_time": "05:42 pm BST",
                "halt": "02",
                "duration": "00:22"
            },
            {
                "city": "Laksam",
                "arrival_time": "06:04 pm BST",
                "departure_time": "06:07 pm BST",
                "halt": "03",
                "duration": "00:22"
            },
            {
                "city": "Nangolkot",
                "arrival_time": "06:21 pm BST",
                "departure_time": "06:23 pm BST",
                "halt": "02",
                "duration": "00:14"
            },
            {
                "city": "Hasanpur",
                "arrival_time": "06:30 pm BST",
                "departure_time": "06:32 pm BST",
                "halt": "02",
                "duration": "00:07"
            },
            {
                "city": "Feni",
                "arrival_time": "06:53 pm BST",
                "departure_time": "06:55 pm BST",
                "halt": "02",
                "duration": "00:21"
            },
            {
                "city": "Kumira",
                "arrival_time": "07:56 pm BST",
                "departure_time": "07:58 pm BST",
                "halt": "02",
                "duration": "01:01"
            },
            {
                "city": "Chattogram",
                "arrival_time": "08:30 pm BST",
                "halt": null,
                "duration": "00:32",
                "departure_time": null
            }
        ],
        "total_duration": "06:15",
        "train_name": "CHATTALA EXPRESS (802)"
    },
    "extra": {
        "hash": "E51E2E1F970A42DE810B9F05F8C7710D"
    }
}