{
    "data": {
        "days": [
            "Fri",
            "Sat",
            "Sun",
            "Mon",
            "Wed",
            "Thu"
        ],
        "routes": [
            {
                "city": "Cox's Bazar",
                "departure_time": "12:30 pm BST",
                "halt": null,
                "duration": null,
                "arrival_time": null
            },
            {
                "city": "Chattogram",
                "departure_time": "04:00 pm BST",
                "arrival_time": "03:40 pm BST",
                "halt": "20",
                "duration": "03:10"
            },
            {
                "city": "Dhaka",
                "arrival_time": "09:00 pm BST",
                "halt": null,
                "duration": "05:00",
                "departure_time": null
            }
        ],
        "total_duration": "08:30",
        "train_name": "COXS BAZAR EXPRESS (813)"
    },
    "extra": {
        "hash": "FE8AB15B345270CFF53BFA245BE670BC"
    }
}