{
    "data": {
        "days": [
            "Fri",
            "Sat",
            "Sun",
            "Tue",
            "Wed",
            "Thu"
        ],
        "routes": [
            {
                "city": "Dhaka",
                "departure_time": "11:00 pm BST",
                "halt": null,
                "duration": null,
                "arrival_time": null
            },
            {
                "city": "Biman_Bandar",
                "arrival_time": "11:23 pm BST",
                "departure_time": "11:28 pm BST",
                "halt": "05",
                "duration": "00:23"
            },
            {
                "city": "Chattogram",
                "arrival_time": "03:40 am BST",
                "departure_time": "04:20 am BST",
                "halt": "40",
                "duration": "04:12"
            },
            {
                "city": "Cox's Bazar",
                "arrival_time": "07:20 am BST",
                "halt": null,
                "duration": "03:00",
                "departure_time": null
            }
        ],
        "total_duration": "08:20",
        "train_name": "COXS BAZAR EXPRESS (814)"
    },
    "extra": {
        "hash": "E51E2E1F970A42DE810B9F05F8C7710D"
    }
}