{
    "data": {
        "days": [
            "Fri",
            "Sat",
            "Sun",
            "Mon",
            "Tue",
            "Thu"
        ],
        "routes": [
            {
                "city": "Rajshahi",
                "departure_time": "05:20 pm BST",
                "halt": null,
                "duration": null,
                "arrival_time": null
            },
            {
                "city": "Sardah_Road",
                "arrival_time": "05:37 pm BST",
                "departure_time": "05:39 pm BST",
                "halt": "02",
                "duration": "00:17"
            },
            {
                "city": "Arani",
                "arrival_time": "05:55 pm BST",
                "halt": "---",
                "duration": "00:16"
            },
            {
                "city": "Abdulpur",
                "arrival_time": "06:09 pm BST",
                "departure_time": "06:11 pm BST",
                "halt": "02",
                "duration": "---"
            },
            {
                "city": "Azim Nagar",
                "arrival_time": "06:19 pm BST",
                "departure_time": "06:21 pm BST",
                "halt": "02",
                "duration": "00:08"
            },
            {
                "city": "Ishwardi Bypass",
                "arrival_time": "06:30 pm BST",
                "departure_time": "06:32 pm BST",
                "halt": "02",
                "duration": "00:09"
            },
            {
                "city": "Majhgram",
                "arrival_time": "06:38 pm BST",
                "halt": "---",
                "duration": "00:06"
            },
            {
                "city": "Dashuria",
                "arrival_time": "06:52 pm BST",
                "halt": "---",
                "duration": "---"
            },
            {
                "city": "Tebunia",
                "arrival_time": "07:08 pm BST",
                "halt": "---",
                "duration": "---"
            },
            {
                "city": "Pabna",
                "departure_time": "07:25 pm BST",
                "arrival_time": "07:23 pm BST",
                "halt": "02",
                "duration": "---"
            },
            {
                "city": "Raghabpur",
                "arrival_time": "07:35 pm BST",
                "halt": "---",
                "duration": "00:10"
            },
            {
                "city": "Dublia",
                "arrival_time": "07:49 pm BST",
                "halt": "---",
                "duration": "---"
            },
            {
                "city": "Tantibandha",
                "arrival_time": "07:58 pm BST",
                "halt": "---",
                "duration": "---"
            },
            {
                "city": "Sathia_Rajapur",
                "arrival_time": "08:12 pm BST",
                "halt": "---",
                "duration": "---"
            },
            {
                "city": "Kashinathpur",
                "arrival_time": "08:30 pm BST",
                "halt": "---",
                "duration": "---"
            },
            {
                "city": "Badherhat",
                "arrival_time": "08:48 pm BST",
                "halt": "---",
                "duration": "---"
            },
            {
                "city": "Dhalarchar",
                "arrival_time": "09:15 pm BST",
                "halt": null,
                "duration": "---",
                "departure_time": null
            }
        ],
        "total_duration": "03:55",
        "train_name": "DHALARCHAR EXPRESS (780)"
    },
    "extra": {
        "hash": "0C21CF73E2ADD072EEAFDFBB5F93DA5C"
    }
}