{
    "data": {
        "days": [
            "Fri",
            "Sat",
            "Sun",
            "Mon",
            "Tue",
            "Wed",
            "Thu"
        ],
        "routes": [
            {
                "city": "Panchagarh",
                "departure_time": "06:00 am BST",
                "halt": null,
                "duration": null,
                "arrival_time": null
            },
            {
                "city": "Kismat",
                "arrival_time": "06:21 am BST",
                "halt": "---",
                "duration": "00:21"
            },
            {
                "city": "Ruhia",
                "departure_time": "06:35 am BST",
                "arrival_time": "06:33 am BST",
                "halt": "02",
                "duration": "---"
            },
            {
                "city": "Thakurgaon_Road",
                "departure_time": "06:54 am BST",
                "arrival_time": "06:51 am BST",
                "halt": "03",
                "duration": "00:16"
            },
            {
                "city": "Bhomradah",
                "arrival_time": "07:13 am BST",
                "departure_time": "07:15 am BST",
                "halt": "02",
                "duration": "00:19"
            },
            {
                "city": "Pirganj",
                "departure_time": "07:27 am BST",
                "arrival_time": "07:25 am BST",
                "halt": "02",
                "duration": "00:10"
            },
            {
                "city": "Setabganj",
                "departure_time": "07:53 am BST",
                "arrival_time": "07:51 am BST",
                "halt": "02",
                "duration": "00:24"
            },
            {
                "city": "Dinajpur",
                "departure_time": "08:33 am BST",
                "arrival_time": "08:28 am BST",
                "halt": "05",
                "duration": "00:35"
            },
            {
                "city": "Chirirbandar",
                "departure_time": "08:55 am BST",
                "arrival_time": "08:52 am BST",
                "halt": "03",
                "duration": "00:19"
            },
            {
                "city": "Parbatipur",
                "arrival_time": "09:15 am BST",
                "departure_time": "09:35 am BST",
                "halt": "20",
                "duration": "00:20"
            },
            {
                "city": "Kholahati",
                "arrival_time": "09:46 am BST",
                "halt": "---",
                "duration": "00:11"
            },
            {
                "city": "Badarganj",
                "departure_time": "10:01 am BST",
                "arrival_time": "09:59 am BST",
                "halt": "02",
                "duration": "---"
            },
            {
                "city": "Rangpur",
                "arrival_time": "10:26 am BST",
                "departure_time": "10:31 am BST",
                "halt": "05",
                "duration": "00:25"
            },
            {
                "city": "Kaunia",
                "arrival_time": "10:55 am BST",
                "departure_time": "11:22 am BST",
                "halt": "27",
                "duration": "00:24"
            },
            {
                "city": "Pirgacha",
                "arrival_time": "11:40 am BST",
                "departure_time": "11:43 am BST",
                "halt": "03",
                "duration": "00:18"
            },
            {
                "city": "Bamondanga",
                "arrival_time": "12:01 pm BST",
                "departure_time": "12:13 pm BST",
                "halt": "12",
                "duration": "00:18"
            },
            {
                "city": "Gaibandha",
                "arrival_time": "12:42 pm BST",
                "departure_time": "12:47 pm BST",
                "halt": "05",
                "duration": "00:29"
            },
            {
                "city": "Badiakhali",
                "arrival_time": "01:05 pm BST",
                "departure_time": "01:08 pm BST",
                "halt": "03",
                "duration": "00:18"
            },
            {
                "city": "Bonar_Para",
                "arrival_time": "01:34 pm BST",
                "departure_time": "01:39 pm BST",
                "halt": "05",
                "duration": "00:26"
            },
            {
                "city": "Mahimaganj",
                "arrival_time": "01:48 pm BST",
                "halt": "---",
                "duration": "00:09"
            },
            {
                "city": "Sonatola",
                "arrival_time": "02:00 pm BST",
                "departure_time": "02:03 pm BST",
                "halt": "03",
                "duration": "---"
            },
            {
                "city": "Bogura",
                "arrival_time": "02:40 pm BST",
                "departure_time": "02:45 pm BST",
                "halt": "05",
                "duration": "00:37"
            },
            {
                "city": "Talora",
                "arrival_time": "03:28 pm BST",
                "halt": "---",
                "duration": "00:43"
            },
            {
                "city": "Santahar",
                "arrival_time": "04:10 pm BST",
                "halt": null,
                "duration": "---",
                "departure_time": null
            }
        ],
        "total_duration": "10:10",
        "train_name": "DOLONCHAPA EXPRESS (768)"
    },
    "extra": {
        "hash": "FE8AB15B345270CFF53BFA245BE670BC"
    }
}