{
    "data": {
        "days": [
            "Fri",
            "Sat",
            "Sun",
            "Mon",
            "Tue",
            "Wed",
            "Thu"
        ],
        "routes": [
            {
                "city": "Santahar",
                "departure_time": "11:00 am BST",
                "halt": null,
                "duration": null,
                "arrival_time": null
            },
            {
                "city": "Talora",
                "arrival_time": "11:28 am BST",
                "halt": "---",
                "duration": "00:28"
            },
            {
                "city": "Bogura",
                "departure_time": "12:01 pm BST",
                "arrival_time": "11:53 am BST",
                "halt": "08",
                "duration": "---"
            },
            {
                "city": "Sonatola",
                "arrival_time": "12:50 pm BST",
                "halt": "---",
                "duration": "00:49"
            },
            {
                "city": "Mahimaganj",
                "arrival_time": "01:02 pm BST",
                "halt": "---",
                "duration": "---"
            },
            {
                "city": "Bonar_Para",
                "arrival_time": "01:13 pm BST",
                "departure_time": "01:18 pm BST",
                "halt": "05",
                "duration": "---"
            },
            {
                "city": "Badiakhali",
                "arrival_time": "01:28 pm BST",
                "departure_time": "01:30 pm BST",
                "halt": "02",
                "duration": "00:10"
            },
            {
                "city": "Gaibandha",
                "arrival_time": "01:45 pm BST",
                "departure_time": "01:50 pm BST",
                "halt": "05",
                "duration": "00:15"
            },
            {
                "city": "Bamondanga",
                "arrival_time": "02:21 pm BST",
                "departure_time": "02:24 pm BST",
                "halt": "03",
                "duration": "00:31"
            },
            {
                "city": "Pirgacha",
                "arrival_time": "02:42 pm BST",
                "departure_time": "02:45 pm BST",
                "halt": "03",
                "duration": "00:18"
            },
            {
                "city": "Kaunia",
                "arrival_time": "03:05 pm BST",
                "departure_time": "03:25 pm BST",
                "halt": "20",
                "duration": "00:20"
            },
            {
                "city": "Rangpur",
                "departure_time": "03:58 pm BST",
                "arrival_time": "03:48 pm BST",
                "halt": "10",
                "duration": "00:23"
            },
            {
                "city": "Badarganj",
                "arrival_time": "04:26 pm BST",
                "departure_time": "04:29 pm BST",
                "halt": "03",
                "duration": "00:28"
            },
            {
                "city": "Kholahati",
                "arrival_time": "04:40 pm BST",
                "halt": "---",
                "duration": "00:11"
            },
            {
                "city": "Parbatipur",
                "arrival_time": "04:55 pm BST",
                "departure_time": "05:20 pm BST",
                "halt": "25",
                "duration": "---"
            },
            {
                "city": "Chirirbandar",
                "arrival_time": "05:40 pm BST",
                "departure_time": "05:43 pm BST",
                "halt": "03",
                "duration": "00:20"
            },
            {
                "city": "Dinajpur",
                "departure_time": "06:13 pm BST",
                "arrival_time": "06:05 pm BST",
                "halt": "08",
                "duration": "00:22"
            },
            {
                "city": "Setabganj",
                "arrival_time": "06:48 pm BST",
                "departure_time": "06:50 pm BST",
                "halt": "02",
                "duration": "00:35"
            },
            {
                "city": "Pirganj",
                "arrival_time": "07:06 pm BST",
                "departure_time": "07:08 pm BST",
                "halt": "02",
                "duration": "00:16"
            },
            {
                "city": "Bhomradah",
                "arrival_time": "07:18 pm BST",
                "departure_time": "07:20 pm BST",
                "halt": "02",
                "duration": "00:10"
            },
            {
                "city": "Thakurgaon_Road",
                "arrival_time": "07:38 pm BST",
                "departure_time": "07:41 pm BST",
                "halt": "03",
                "duration": "00:18"
            },
            {
                "city": "Ruhia",
                "arrival_time": "08:00 pm BST",
                "departure_time": "08:02 pm BST",
                "halt": "02",
                "duration": "00:19"
            },
            {
                "city": "Kismat",
                "arrival_time": "08:12 pm BST",
                "halt": "---",
                "duration": "00:10"
            },
            {
                "city": "Panchagarh",
                "arrival_time": "08:40 pm BST",
                "halt": null,
                "duration": "---",
                "departure_time": null
            }
        ],
        "total_duration": "09:40",
        "train_name": "DOLONCHAPA EXPRESS (767)"
    },
    "extra": {
        "hash": "E51E2E1F970A42DE810B9F05F8C7710D"
    }
}