{
    "data": {
        "days": [
            "Fri",
            "Sat",
            "Sun",
            "Mon",
            "Tue",
            "Wed",
            "Thu"
        ],
        "routes": [
            {
                "city": "Dhaka",
                "departure_time": "06:45 pm BST",
                "halt": null,
                "duration": null,
                "arrival_time": null
            },
            {
                "city": "Biman_Bandar",
                "arrival_time": "07:08 pm BST",
                "departure_time": "07:13 pm BST",
                "halt": "05",
                "duration": "00:23"
            },
            {
                "city": "Narsingdi",
                "arrival_time": "07:53 pm BST",
                "departure_time": "07:55 pm BST",
                "halt": "02",
                "duration": "00:40"
            },
            {
                "city": "Methikanda",
                "arrival_time": "08:12 pm BST",
                "departure_time": "08:14 pm BST",
                "halt": "02",
                "duration": "00:17"
            },
            {
                "city": "Bhairab_Bazar",
                "arrival_time": "08:30 pm BST",
                "departure_time": "08:50 pm BST",
                "halt": "20",
                "duration": "00:16"
            },
            {
                "city": "Kuliarchar",
                "arrival_time": "09:09 pm BST",
                "departure_time": "09:11 pm BST",
                "halt": "02",
                "duration": "00:19"
            },
            {
                "city": "Bajitpur",
                "arrival_time": "09:20 pm BST",
                "departure_time": "09:22 pm BST",
                "halt": "02",
                "duration": "00:09"
            },
            {
                "city": "Sararchar",
                "arrival_time": "09:30 pm BST",
                "departure_time": "09:32 pm BST",
                "halt": "02",
                "duration": "00:08"
            },
            {
                "city": "Manikkhali",
                "arrival_time": "09:48 pm BST",
                "departure_time": "09:50 pm BST",
                "halt": "02",
                "duration": "00:16"
            },
            {
                "city": "Gachihata",
                "arrival_time": "10:00 pm BST",
                "departure_time": "10:02 pm BST",
                "halt": "02",
                "duration": "00:10"
            },
            {
                "city": "Kishorganj",
                "arrival_time": "10:40 pm BST",
                "halt": null,
                "duration": "00:38",
                "departure_time": null
            }
        ],
        "total_duration": "03:55",
        "train_name": "EGAROSINDHUR GODHULI (749)"
    },
    "extra": {
        "hash": "E4CFA1D42AA2A482B6D6BA0B7015786C"
    }
}