{
    "data": {
        "days": [
            "Fri",
            "Sat",
            "Sun",
            "Mon",
            "Tue",
            "Wed",
            "Thu"
        ],
        "routes": [
            {
                "city": "Panchagarh",
                "departure_time": "09:10 pm BST",
                "halt": null,
                "duration": null,
                "arrival_time": null
            },
            {
                "city": "Kismat",
                "departure_time": "09:27 pm BST",
                "arrival_time": "09:25 pm BST",
                "halt": "02",
                "duration": "00:15"
            },
            {
                "city": "Ruhia",
                "departure_time": "09:36 pm BST",
                "arrival_time": "09:34 pm BST",
                "halt": "02",
                "duration": "00:07"
            },
            {
                "city": "Thakurgaon_Road",
                "departure_time": "09:54 pm BST",
                "arrival_time": "09:51 pm BST",
                "halt": "03",
                "duration": "00:15"
            },
            {
                "city": "Pirganj",
                "departure_time": "10:18 pm BST",
                "arrival_time": "10:16 pm BST",
                "halt": "02",
                "duration": "00:22"
            },
            {
                "city": "Setabganj",
                "departure_time": "10:34 pm BST",
                "arrival_time": "10:32 pm BST",
                "halt": "02",
                "duration": "00:14"
            },
            {
                "city": "Dinajpur",
                "departure_time": "11:13 pm BST",
                "arrival_time": "11:05 pm BST",
                "halt": "08",
                "duration": "00:31"
            },
            {
                "city": "Chirirbandar",
                "departure_time": "11:32 pm BST",
                "arrival_time": "11:30 pm BST",
                "halt": "02",
                "duration": "00:17"
            },
            {
                "city": "Parbatipur",
                "arrival_time": "11:50 pm BST",
                "departure_time": "11:55 pm BST",
                "halt": "05",
                "duration": "00:18"
            },
            {
                "city": "Fulbari",
                "arrival_time": "12:28 am BST",
                "departure_time": "12:31 am BST",
                "halt": "03",
                "duration": "00:33"
            },
            {
                "city": "Birampur",
                "arrival_time": "12:42 am BST",
                "departure_time": "12:45 am BST",
                "halt": "03",
                "duration": "00:11"
            },
            {
                "city": "Panchbibi",
                "arrival_time": "01:05 am BST",
                "departure_time": "01:07 am BST",
                "halt": "02",
                "duration": "00:20"
            },
            {
                "city": "Joypurhat",
                "arrival_time": "01:18 am BST",
                "departure_time": "01:21 am BST",
                "halt": "03",
                "duration": "00:11"
            },
            {
                "city": "Akkelpur",
                "arrival_time": "01:35 am BST",
                "departure_time": "01:37 am BST",
                "halt": "02",
                "duration": "00:14"
            },
            {
                "city": "Santahar",
                "arrival_time": "01:55 am BST",
                "departure_time": "02:00 am BST",
                "halt": "05",
                "duration": "00:18"
            },
            {
                "city": "Natore",
                "arrival_time": "02:41 am BST",
                "departure_time": "02:44 am BST",
                "halt": "03",
                "duration": "00:41"
            },
            {
                "city": "Ullapara",
                "departure_time": "04:15 am BST",
                "arrival_time": "04:12 am BST",
                "halt": "03",
                "duration": "01:28"
            },
            {
                "city": "Ibrahimabad",
                "departure_time": "04:52 am BST",
                "arrival_time": "04:50 am BST",
                "halt": "02",
                "duration": "00:35"
            },
            {
                "city": "Tangail",
                "departure_time": "05:14 am BST",
                "arrival_time": "05:12 am BST",
                "halt": "02",
                "duration": "00:20"
            },
            {
                "city": "Joydebpur",
                "departure_time": "06:21 am BST",
                "arrival_time": "06:18 am BST",
                "halt": "03",
                "duration": "01:04"
            },
            {
                "city": "Dhaka",
                "arrival_time": "07:20 am BST",
                "halt": null,
                "duration": "00:59",
                "departure_time": null
            }
        ],
        "total_duration": "10:10",
        "train_name": "EKOTA EXPRESS (706)"
    },
    "extra": {
        "hash": "E4CFA1D42AA2A482B6D6BA0B7015786C"
    }
}