{
    "data": {
        "days": [
            "Fri",
            "Sat",
            "Sun",
            "Mon",
            "Tue",
            "Wed",
            "Thu"
        ],
        "routes": [
            {
                "city": "Dhaka",
                "departure_time": "10:15 am BST",
                "halt": null,
                "duration": null,
                "arrival_time": null
            },
            {
                "city": "Biman_Bandar",
                "arrival_time": "10:38 am BST",
                "departure_time": "10:43 am BST",
                "halt": "05",
                "duration": "00:23"
            },
            {
                "city": "Joydebpur",
                "arrival_time": "11:06 am BST",
                "departure_time": "11:08 am BST",
                "halt": "02",
                "duration": "00:23"
            },
            {
                "city": "Tangail",
                "arrival_time": "12:02 pm BST",
                "departure_time": "12:04 pm BST",
                "halt": "02",
                "duration": "00:54"
            },
            {
                "city": "BBSetu_E",
                "arrival_time": "12:24 pm BST",
                "departure_time": "12:34 pm BST",
                "halt": "10",
                "duration": "00:20"
            },
            {
                "city": "SH M Monsur Ali",
                "arrival_time": "01:00 pm BST",
                "departure_time": "01:03 pm BST",
                "halt": "03",
                "duration": "00:26"
            },
            {
                "city": "Ullapara",
                "arrival_time": "01:20 pm BST",
                "departure_time": "01:22 pm BST",
                "halt": "02",
                "duration": "00:17"
            },
            {
                "city": "Ishwardi Bypass",
                "arrival_time": "02:21 pm BST",
                "departure_time": "02:24 pm BST",
                "halt": "03",
                "duration": "00:59"
            },
            {
                "city": "Natore",
                "arrival_time": "03:03 pm BST",
                "departure_time": "03:06 pm BST",
                "halt": "03",
                "duration": "00:39"
            },
            {
                "city": "Santahar",
                "arrival_time": "03:55 pm BST",
                "departure_time": "04:00 pm BST",
                "halt": "05",
                "duration": "00:49"
            },
            {
                "city": "Akkelpur",
                "arrival_time": "04:20 pm BST",
                "departure_time": "04:22 pm BST",
                "halt": "02",
                "duration": "00:20"
            },
            {
                "city": "Joypurhat",
                "arrival_time": "04:49 pm BST",
                "departure_time": "04:52 pm BST",
                "halt": "03",
                "duration": "00:27"
            },
            {
                "city": "Panchbibi",
                "arrival_time": "05:12 pm BST",
                "departure_time": "05:14 pm BST",
                "halt": "02",
                "duration": "00:20"
            },
            {
                "city": "Birampur",
                "arrival_time": "05:34 pm BST",
                "departure_time": "05:37 pm BST",
                "halt": "03",
                "duration": "00:20"
            },
            {
                "city": "Fulbari",
                "arrival_time": "05:48 pm BST",
                "departure_time": "05:51 pm BST",
                "halt": "03",
                "duration": "00:11"
            },
            {
                "city": "Parbatipur",
                "arrival_time": "06:15 pm BST",
                "departure_time": "06:25 pm BST",
                "halt": "10",
                "duration": "00:24"
            },
            {
                "city": "Chirirbandar",
                "arrival_time": "06:40 pm BST",
                "departure_time": "06:42 pm BST",
                "halt": "02",
                "duration": "00:15"
            },
            {
                "city": "Dinajpur",
                "arrival_time": "07:00 pm BST",
                "departure_time": "07:05 pm BST",
                "halt": "05",
                "duration": "00:18"
            },
            {
                "city": "Setabganj",
                "arrival_time": "07:35 pm BST",
                "departure_time": "07:37 pm BST",
                "halt": "02",
                "duration": "00:30"
            },
            {
                "city": "Pirganj",
                "arrival_time": "07:51 pm BST",
                "departure_time": "07:53 pm BST",
                "halt": "02",
                "duration": "00:14"
            },
            {
                "city": "Thakurgaon_Road",
                "arrival_time": "08:15 pm BST",
                "departure_time": "08:18 pm BST",
                "halt": "03",
                "duration": "00:22"
            },
            {
                "city": "Ruhia",
                "arrival_time": "08:33 pm BST",
                "departure_time": "08:35 pm BST",
                "halt": "02",
                "duration": "00:15"
            },
            {
                "city": "Kismat",
                "arrival_time": "08:42 pm BST",
                "departure_time": "08:44 pm BST",
                "halt": "02",
                "duration": "00:07"
            },
            {
                "city": "B Sirajul Islam",
                "arrival_time": "09:00 pm BST",
                "halt": null,
                "duration": "00:16",
                "departure_time": null
            }
        ],
        "total_duration": "10:45",
        "train_name": "EKOTA EXPRESS (705)"
    },
    "extra": {
        "hash": "514D97166D2B16D7D4CA0823A966E975"
    }
}