{
    "data": {
        "days": [
            "Sat",
            "Sun",
            "Mon",
            "Tue",
            "Wed",
            "Thu"
        ],
        "routes": [
            {
                "city": "Dhaka",
                "departure_time": "10:15 pm BST",
                "halt": null,
                "duration": null,
                "arrival_time": null
            },
            {
                "city": "Biman_Bandar",
                "arrival_time": "10:38 pm BST",
                "departure_time": "10:43 pm BST",
                "halt": "05",
                "duration": "00:23"
            },
            {
                "city": "Joydebpur",
                "arrival_time": "11:08 pm BST",
                "departure_time": "11:10 pm BST",
                "halt": "02",
                "duration": "00:25"
            },
            {
                "city": "Gafargaon",
                "arrival_time": "12:27 am BST",
                "departure_time": "12:29 am BST",
                "halt": "02",
                "duration": "01:17"
            },
            {
                "city": "Mymensingh",
                "arrival_time": "01:15 am BST",
                "departure_time": "01:35 am BST",
                "halt": "20",
                "duration": "00:46"
            },
            {
                "city": "Gouripur_Myn",
                "arrival_time": "02:00 am BST",
                "departure_time": "02:05 am BST",
                "halt": "05",
                "duration": "00:25"
            },
            {
                "city": "Shyamgonj",
                "arrival_time": "02:18 am BST",
                "departure_time": "02:21 am BST",
                "halt": "03",
                "duration": "00:13"
            },
            {
                "city": "Netrakona",
                "arrival_time": "02:40 am BST",
                "departure_time": "02:43 am BST",
                "halt": "03",
                "duration": "00:19"
            },
            {
                "city": "Barhatta",
                "arrival_time": "03:10 am BST",
                "departure_time": "03:13 am BST",
                "halt": "03",
                "duration": "00:27"
            },
            {
                "city": "Mohanganj",
                "arrival_time": "04:10 am BST",
                "halt": null,
                "duration": "00:57",
                "departure_time": null
            }
        ],
        "total_duration": "05:55",
        "train_name": "HAWR EXPRESS (777)"
    },
    "extra": {
        "hash": "E51E2E1F970A42DE810B9F05F8C7710D"
    }
}