{
    "data": {
        "days": [
            "Fri",
            "Sat",
            "Mon",
            "Tue",
            "Wed",
            "Thu"
        ],
        "routes": [
            {
                "city": "Dhaka",
                "departure_time": "10:00 am BST",
                "halt": null,
                "duration": null,
                "arrival_time": null
            },
            {
                "city": "Biman_Bandar",
                "arrival_time": "10:22 am BST",
                "departure_time": "10:27 am BST",
                "halt": "05",
                "duration": "00:22"
            },
            {
                "city": "Joydebpur",
                "arrival_time": "10:53 am BST",
                "departure_time": "10:56 am BST",
                "halt": "03",
                "duration": "00:26"
            },
            {
                "city": "Gafargaon",
                "arrival_time": "12:14 pm BST",
                "departure_time": "12:17 pm BST",
                "halt": "03",
                "duration": "01:18"
            },
            {
                "city": "Mymensingh",
                "arrival_time": "01:05 pm BST",
                "departure_time": "01:10 pm BST",
                "halt": "05",
                "duration": "00:48"
            },
            {
                "city": "Bidyaganj",
                "arrival_time": "01:32 pm BST",
                "halt": "---",
                "duration": "00:22"
            },
            {
                "city": "Narundi",
                "arrival_time": "01:25 pm BST",
                "halt": "---",
                "duration": "---"
            },
            {
                "city": "Nandina",
                "arrival_time": "02:08 pm BST",
                "departure_time": "02:12 pm BST",
                "halt": "04",
                "duration": "---"
            },
            {
                "city": "Jamalpur_Town",
                "arrival_time": "02:25 pm BST",
                "departure_time": "02:28 pm BST",
                "halt": "03",
                "duration": "00:13"
            },
            {
                "city": "Jaforshahi",
                "arrival_time": "02:59 pm BST",
                "halt": "---",
                "duration": "00:31"
            },
            {
                "city": "Sarishabari",
                "arrival_time": "03:21 pm BST",
                "departure_time": "03:24 pm BST",
                "halt": "03",
                "duration": "---"
            },
            {
                "city": "Tarakandi",
                "arrival_time": "03:42 pm BST",
                "departure_time": "03:45 pm BST",
                "halt": "03",
                "duration": "00:18"
            },
            {
                "city": "Jagannathgonj_Bazar",
                "arrival_time": "03:56 pm BST",
                "halt": "---",
                "duration": "00:11"
            },
            {
                "city": "Hemnagar",
                "arrival_time": "04:16 pm BST",
                "halt": "---",
                "duration": "---"
            },
            {
                "city": "Bhuapur",
                "arrival_time": "04:45 pm BST",
                "halt": null,
                "duration": "---",
                "departure_time": null
            }
        ],
        "total_duration": "06:45",
        "train_name": "JAMALPUR EXPRESS (799)"
    },
    "extra": {
        "hash": "E4CFA1D42AA2A482B6D6BA0B7015786C"
    }
}