{
    "data": {
        "days": [
            "Fri",
            "Sat",
            "Mon",
            "Tue",
            "Wed",
            "Thu"
        ],
        "routes": [
            {
                "city": "Dhaka",
                "departure_time": "10:00 am BST",
                "halt": null,
                "duration": null,
                "arrival_time": null
            },
            {
                "city": "Biman_Bandar",
                "arrival_time": "10:23 am BST",
                "departure_time": "10:28 am BST",
                "halt": "05",
                "duration": "00:23"
            },
            {
                "city": "Joydebpur",
                "arrival_time": "10:49 am BST",
                "departure_time": "10:52 am BST",
                "halt": "03",
                "duration": "00:21"
            },
            {
                "city": "Gafargaon",
                "arrival_time": "11:46 am BST",
                "departure_time": "11:49 am BST",
                "halt": "03",
                "duration": "00:54"
            },
            {
                "city": "Mymensingh",
                "arrival_time": "12:28 pm BST",
                "departure_time": "12:33 pm BST",
                "halt": "05",
                "duration": "00:39"
            },
            {
                "city": "Bidyaganj",
                "arrival_time": "12:53 pm BST",
                "halt": "---",
                "duration": "00:20"
            },
            {
                "city": "Narundi",
                "arrival_time": "01:25 pm BST",
                "halt": "---",
                "duration": "---"
            },
            {
                "city": "Nandina",
                "arrival_time": "01:25 pm BST",
                "halt": "---",
                "duration": "---"
            },
            {
                "city": "Jamalpur_Town",
                "arrival_time": "01:40 pm BST",
                "departure_time": "01:45 pm BST",
                "halt": "05",
                "duration": "---"
            },
            {
                "city": "Jaforshahi",
                "arrival_time": "03:08 pm BST",
                "halt": "---",
                "duration": "01:23"
            },
            {
                "city": "Sarishabari",
                "arrival_time": "02:38 pm BST",
                "departure_time": "02:43 pm BST",
                "halt": "05",
                "duration": "---"
            },
            {
                "city": "Tarakandi",
                "arrival_time": "02:58 pm BST",
                "halt": "---",
                "duration": "00:15"
            },
            {
                "city": "Adv. Motiur Rahman",
                "arrival_time": "03:14 pm BST",
                "halt": "---",
                "duration": "---"
            },
            {
                "city": "Hemnagar",
                "arrival_time": "03:32 pm BST",
                "halt": "---",
                "duration": "---"
            },
            {
                "city": "Bhuapur",
                "arrival_time": "04:00 pm BST",
                "halt": null,
                "duration": "---",
                "departure_time": null
            }
        ],
        "total_duration": "06:00",
        "train_name": "JAMALPUR EXPRESS (799)"
    },
    "extra": {
        "hash": "514D97166D2B16D7D4CA0823A966E975"
    }
}