{
    "data": {
        "days": [
            "Fri",
            "Sat",
            "Sun",
            "Mon",
            "Tue",
            "Wed",
            "Thu"
        ],
        "routes": [
            {
                "city": "Dhaka",
                "departure_time": "04:45 pm BST",
                "halt": null,
                "duration": null,
                "arrival_time": null
            },
            {
                "city": "Biman_Bandar",
                "arrival_time": "05:08 pm BST",
                "departure_time": "05:13 pm BST",
                "halt": "05",
                "duration": "00:23"
            },
            {
                "city": "Joydebpur",
                "arrival_time": "05:34 pm BST",
                "departure_time": "05:37 pm BST",
                "halt": "03",
                "duration": "00:21"
            },
            {
                "city": "Sreepur",
                "arrival_time": "06:04 pm BST",
                "halt": "---",
                "duration": "00:27"
            },
            {
                "city": "Gafargaon",
                "arrival_time": "06:42 pm BST",
                "departure_time": "06:45 pm BST",
                "halt": "03",
                "duration": "---"
            },
            {
                "city": "Mymensingh",
                "arrival_time": "07:30 pm BST",
                "departure_time": "07:35 pm BST",
                "halt": "05",
                "duration": "00:45"
            },
            {
                "city": "Narundi",
                "arrival_time": "08:56 pm BST",
                "halt": "---",
                "duration": "01:21"
            },
            {
                "city": "Piyarpur",
                "arrival_time": "08:41 pm BST",
                "halt": "---",
                "duration": "---"
            },
            {
                "city": "Jamalpur_Town",
                "arrival_time": "09:22 pm BST",
                "departure_time": "09:25 pm BST",
                "halt": "03",
                "duration": "---"
            },
            {
                "city": "Sarishabari",
                "arrival_time": "10:08 pm BST",
                "departure_time": "10:11 pm BST",
                "halt": "03",
                "duration": "00:43"
            },
            {
                "city": "Tarakandi",
                "arrival_time": "10:50 pm BST",
                "halt": null,
                "duration": "00:39",
                "departure_time": null
            }
        ],
        "total_duration": "06:05",
        "train_name": "JAMUNA EXPRESS (745)"
    },
    "extra": {
        "hash": "9B1AE5D785CE06CB8297D91B072BFF98"
    }
}