{
    "data": {
        "days": [
            "Fri",
            "Sat",
            "Sun",
            "Mon",
            "Tue",
            "Wed"
        ],
        "routes": [
            {
                "city": "Sylhet",
                "departure_time": "12:00 pm BST",
                "halt": null,
                "duration": null,
                "arrival_time": null
            },
            {
                "city": "Maijgaon",
                "arrival_time": "12:48 pm BST",
                "departure_time": "12:50 pm BST",
                "halt": "02",
                "duration": "00:48"
            },
            {
                "city": "Kulaura",
                "arrival_time": "01:17 pm BST",
                "departure_time": "01:20 pm BST",
                "halt": "03",
                "duration": "00:27"
            },
            {
                "city": "Bhanugach",
                "arrival_time": "02:19 pm BST",
                "departure_time": "02:21 pm BST",
                "halt": "02",
                "duration": "00:59"
            },
            {
                "city": "Sreemangal",
                "arrival_time": "02:40 pm BST",
                "departure_time": "02:45 pm BST",
                "halt": "05",
                "duration": "00:19"
            },
            {
                "city": "Shaistaganj",
                "arrival_time": "03:22 pm BST",
                "departure_time": "03:25 pm BST",
                "halt": "03",
                "duration": "00:37"
            },
            {
                "city": "Shahaji_Bazar",
                "arrival_time": "03:37 pm BST",
                "departure_time": "03:39 pm BST",
                "halt": "02",
                "duration": "00:12"
            },
            {
                "city": "Nayapara",
                "arrival_time": "03:50 pm BST",
                "departure_time": "03:52 pm BST",
                "halt": "02",
                "duration": "00:11"
            },
            {
                "city": "Montola",
                "arrival_time": "04:07 pm BST",
                "departure_time": "04:09 pm BST",
                "halt": "02",
                "duration": "00:15"
            },
            {
                "city": "Harashpur",
                "arrival_time": "04:18 pm BST",
                "departure_time": "04:20 pm BST",
                "halt": "02",
                "duration": "00:09"
            },
            {
                "city": "Mukundapur",
                "arrival_time": "04:30 pm BST",
                "departure_time": "04:32 pm BST",
                "halt": "02",
                "duration": "00:10"
            },
            {
                "city": "Azampur",
                "arrival_time": "04:46 pm BST",
                "departure_time": "04:48 pm BST",
                "halt": "02",
                "duration": "00:14"
            },
            {
                "city": "Brahmanbaria",
                "arrival_time": "05:09 pm BST",
                "departure_time": "05:13 pm BST",
                "halt": "04",
                "duration": "00:21"
            },
            {
                "city": "Ashuganj",
                "arrival_time": "05:28 pm BST",
                "departure_time": "05:30 pm BST",
                "halt": "02",
                "duration": "00:15"
            },
            {
                "city": "Biman_Bandar",
                "arrival_time": "06:40 pm BST",
                "halt": "---",
                "duration": "01:10"
            },
            {
                "city": "Dhaka",
                "arrival_time": "07:15 pm BST",
                "halt": null,
                "duration": "---",
                "departure_time": null
            }
        ],
        "total_duration": "07:15",
        "train_name": "JAYENTIKA EXPRESS (718)"
    },
    "extra": {
        "hash": "E51E2E1F970A42DE810B9F05F8C7710D"
    }
}