{
    "data": {
        "days": [
            "Fri",
            "Sat",
            "Sun",
            "Mon",
            "Tue",
            "Wed",
            "Thu"
        ],
        "routes": [
            {
                "city": "Parbatipur",
                "departure_time": "07:40 am BST",
                "halt": null,
                "duration": null,
                "arrival_time": null
            },
            {
                "city": "Manmathapur",
                "arrival_time": "07:49 am BST",
                "halt": "---",
                "duration": "00:09"
            },
            {
                "city": "Chirirbandar",
                "arrival_time": "08:00 am BST",
                "halt": "---",
                "duration": "---"
            },
            {
                "city": "Kawgaon",
                "arrival_time": "08:11 am BST",
                "halt": "---",
                "duration": "---"
            },
            {
                "city": "Dinajpur",
                "departure_time": "08:38 am BST",
                "arrival_time": "08:23 am BST",
                "halt": "15",
                "duration": "---"
            },
            {
                "city": "Kanchan_Junction",
                "arrival_time": "08:43 am BST",
                "halt": "---",
                "duration": "00:05"
            },
            {
                "city": "Mongalpur",
                "arrival_time": "09:00 am BST",
                "halt": "---",
                "duration": "---"
            },
            {
                "city": "Setabganj",
                "arrival_time": "09:33 am BST",
                "halt": "---",
                "duration": "---"
            },
            {
                "city": "Sultanpur",
                "arrival_time": "09:44 am BST",
                "halt": "---",
                "duration": "---"
            },
            {
                "city": "Pirganj",
                "arrival_time": "09:58 am BST",
                "departure_time": "10:19 am BST",
                "halt": "21",
                "duration": "---"
            },
            {
                "city": "Bhomradah",
                "arrival_time": "10:29 am BST",
                "halt": "---",
                "duration": "00:10"
            },
            {
                "city": "Shibganj",
                "arrival_time": "10:40 am BST",
                "halt": "---",
                "duration": "---"
            },
            {
                "city": "Thakurgaon_Road",
                "arrival_time": "10:50 am BST",
                "departure_time": "10:55 am BST",
                "halt": "05",
                "duration": "---"
            },
            {
                "city": "Akhanagar",
                "arrival_time": "11:04 am BST",
                "halt": "---",
                "duration": "00:09"
            },
            {
                "city": "Ruhia",
                "arrival_time": "11:16 am BST",
                "halt": "---",
                "duration": "---"
            },
            {
                "city": "Kismat",
                "arrival_time": "11:27 am BST",
                "halt": "---",
                "duration": "---"
            },
            {
                "city": "Nayaniburuj",
                "arrival_time": "11:38 am BST",
                "halt": "---",
                "duration": "---"
            },
            {
                "city": "B Sirajul Islam",
                "arrival_time": "12:00 pm BST",
                "halt": null,
                "duration": "---",
                "departure_time": null
            }
        ],
        "total_duration": "04:20",
        "train_name": "KANCHON INTERCITY COMMUTER (41)"
    },
    "extra": {
        "hash": "514D97166D2B16D7D4CA0823A966E975"
    }
}