{
    "data": {
        "days": [
            "Fri",
            "Sat",
            "Sun",
            "Mon",
            "Tue",
            "Wed",
            "Thu"
        ],
        "routes": [
            {
                "city": "Panchagarh",
                "departure_time": "03:30 pm BST",
                "halt": null,
                "duration": null,
                "arrival_time": null
            },
            {
                "city": "Nayaniburuj",
                "arrival_time": "03:39 pm BST",
                "halt": "---",
                "duration": "00:09"
            },
            {
                "city": "Kismat",
                "arrival_time": "03:50 pm BST",
                "halt": "---",
                "duration": "---"
            },
            {
                "city": "Ruhia",
                "departure_time": "04:03 pm BST",
                "arrival_time": "04:01 pm BST",
                "halt": "02",
                "duration": "---"
            },
            {
                "city": "Akhanagar",
                "arrival_time": "04:12 pm BST",
                "halt": "---",
                "duration": "00:09"
            },
            {
                "city": "Thakurgaon_Road",
                "arrival_time": "04:23 pm BST",
                "departure_time": "04:26 pm BST",
                "halt": "03",
                "duration": "---"
            },
            {
                "city": "Shibganj",
                "arrival_time": "04:34 pm BST",
                "halt": "---",
                "duration": "00:08"
            },
            {
                "city": "Bhomradah",
                "arrival_time": "04:45 pm BST",
                "halt": "---",
                "duration": "---"
            },
            {
                "city": "Pirganj",
                "departure_time": "05:00 pm BST",
                "arrival_time": "04:57 pm BST",
                "halt": "03",
                "duration": "---"
            },
            {
                "city": "Sultanpur",
                "arrival_time": "05:09 pm BST",
                "halt": "---",
                "duration": "00:09"
            },
            {
                "city": "Setabganj",
                "departure_time": "05:21 pm BST",
                "arrival_time": "05:19 pm BST",
                "halt": "02",
                "duration": "---"
            },
            {
                "city": "Mongalpur",
                "arrival_time": "05:34 pm BST",
                "halt": "---",
                "duration": "00:13"
            },
            {
                "city": "Kanchan_Junction",
                "arrival_time": "05:52 pm BST",
                "halt": "---",
                "duration": "---"
            },
            {
                "city": "Dinajpur",
                "departure_time": "06:10 pm BST",
                "arrival_time": "06:00 pm BST",
                "halt": "10",
                "duration": "---"
            },
            {
                "city": "Kawgaon",
                "arrival_time": "06:21 pm BST",
                "halt": "---",
                "duration": "00:11"
            },
            {
                "city": "Chirirbandar",
                "arrival_time": "06:34 pm BST",
                "departure_time": "06:45 pm BST",
                "halt": "11",
                "duration": "---"
            },
            {
                "city": "Manmathapur",
                "arrival_time": "06:54 pm BST",
                "halt": "---",
                "duration": "00:09"
            },
            {
                "city": "Parbatipur",
                "arrival_time": "07:15 pm BST",
                "halt": null,
                "duration": "---",
                "departure_time": null
            }
        ],
        "total_duration": "03:45",
        "train_name": "KANCHON INTERCITY COMMUTER (42)"
    },
    "extra": {
        "hash": "E4CFA1D42AA2A482B6D6BA0B7015786C"
    }
}