{
    "data": {
        "days": [
            "Fri",
            "Sat",
            "Sun",
            "Mon",
            "Wed",
            "Thu"
        ],
        "routes": [
            {
                "city": "Dhaka",
                "departure_time": "10:30 am BST",
                "halt": null,
                "duration": null,
                "arrival_time": null
            },
            {
                "city": "Biman_Bandar",
                "arrival_time": "10:52 am BST",
                "departure_time": "10:57 am BST",
                "halt": "05",
                "duration": "00:22"
            },
            {
                "city": "Narsingdi",
                "arrival_time": "11:36 am BST",
                "departure_time": "11:39 am BST",
                "halt": "03",
                "duration": "00:39"
            },
            {
                "city": "Methikanda",
                "arrival_time": "11:57 am BST",
                "departure_time": "11:59 am BST",
                "halt": "02",
                "duration": "00:18"
            },
            {
                "city": "Bhairab_Bazar",
                "arrival_time": "12:15 pm BST",
                "departure_time": "12:35 pm BST",
                "halt": "20",
                "duration": "00:16"
            },
            {
                "city": "Kuliarchar",
                "arrival_time": "12:54 pm BST",
                "departure_time": "12:56 pm BST",
                "halt": "02",
                "duration": "00:19"
            },
            {
                "city": "Bajitpur",
                "arrival_time": "01:04 pm BST",
                "departure_time": "01:06 pm BST",
                "halt": "02",
                "duration": "00:08"
            },
            {
                "city": "Sararchar",
                "arrival_time": "01:14 pm BST",
                "departure_time": "01:16 pm BST",
                "halt": "02",
                "duration": "00:08"
            },
            {
                "city": "Manikkhali",
                "arrival_time": "01:31 pm BST",
                "departure_time": "01:33 pm BST",
                "halt": "02",
                "duration": "00:15"
            },
            {
                "city": "Gachihata",
                "arrival_time": "01:40 pm BST",
                "departure_time": "01:42 pm BST",
                "halt": "02",
                "duration": "00:07"
            },
            {
                "city": "Kishorganj",
                "arrival_time": "02:10 pm BST",
                "halt": null,
                "duration": "00:28",
                "departure_time": null
            }
        ],
        "total_duration": "03:40",
        "train_name": "KISHORGANJ EXPRESS (781)"
    },
    "extra": {
        "hash": "E4CFA1D42AA2A482B6D6BA0B7015786C"
    }
}