{
    "data": {
        "days": [
            "Fri",
            "Sat",
            "Sun",
            "Mon",
            "Tue",
            "Thu"
        ],
        "routes": [
            {
                "city": "Kurigram",
                "departure_time": "07:20 am BST",
                "halt": null,
                "duration": null,
                "arrival_time": null
            },
            {
                "city": "Kaunia",
                "arrival_time": "08:00 am BST",
                "departure_time": "08:03 am BST",
                "halt": "03",
                "duration": "00:40"
            },
            {
                "city": "Rangpur",
                "departure_time": "08:30 am BST",
                "arrival_time": "08:23 am BST",
                "halt": "07",
                "duration": "00:20"
            },
            {
                "city": "Badarganj",
                "arrival_time": "08:57 am BST",
                "departure_time": "09:00 am BST",
                "halt": "03",
                "duration": "00:27"
            },
            {
                "city": "Parbatipur",
                "arrival_time": "09:25 am BST",
                "departure_time": "09:45 am BST",
                "halt": "20",
                "duration": "00:25"
            },
            {
                "city": "Joypurhat",
                "arrival_time": "10:43 am BST",
                "departure_time": "10:46 am BST",
                "halt": "03",
                "duration": "00:58"
            },
            {
                "city": "Santahar",
                "arrival_time": "11:20 am BST",
                "departure_time": "11:25 am BST",
                "halt": "05",
                "duration": "00:34"
            },
            {
                "city": "Madhnagar",
                "arrival_time": "12:01 pm BST",
                "departure_time": "12:03 pm BST",
                "halt": "02",
                "duration": "00:36"
            },
            {
                "city": "Natore",
                "arrival_time": "12:17 pm BST",
                "departure_time": "12:20 pm BST",
                "halt": "03",
                "duration": "00:14"
            },
            {
                "city": "Dhaka",
                "arrival_time": "05:15 pm BST",
                "halt": null,
                "duration": "04:55",
                "departure_time": null
            }
        ],
        "total_duration": "09:55",
        "train_name": "KURIGRAM EXPRESS (798)"
    },
    "extra": {
        "hash": "514D97166D2B16D7D4CA0823A966E975"
    }
}