{
    "data": {
        "days": [
            "Sat",
            "Wed"
        ],
        "routes": [
            {
                "city": "Dhaka",
                "departure_time": "08:15 am BST",
                "halt": null,
                "duration": null,
                "arrival_time": null
            },
            {
                "city": "Kolkata",
                "arrival_time": "03:30 pm IST",
                "halt": null,
                "duration": "07:45",
                "departure_time": null
            }
        ],
        "total_duration": "07:45",
        "train_name": "MAITREE EXPRESS (3110)"
    },
    "extra": {
        "hash": "514D97166D2B16D7D4CA0823A966E975"
    }
}