{
    "data": {
        "days": [
            "Sat",
            "Mon",
            "Wed"
        ],
        "routes": [
            {
                "city": "Kolkata",
                "departure_time": "07:10 am IST",
                "halt": null,
                "duration": null,
                "arrival_time": null
            },
            {
                "city": "Dhaka",
                "arrival_time": "04:05 pm BST",
                "halt": null,
                "duration": "08:25",
                "departure_time": null
            }
        ],
        "total_duration": "08:25",
        "train_name": "MAITREE EXPRESS (3108)"
    },
    "extra": {
        "hash": "E4CFA1D42AA2A482B6D6BA0B7015786C"
    }
}