{
    "data": {
        "days": [
            "Fri",
            "Tue"
        ],
        "routes": [
            {
                "city": "Kolkata",
                "departure_time": "07:10 am IST",
                "halt": null,
                "duration": null,
                "arrival_time": null
            },
            {
                "city": "Dhaka",
                "arrival_time": "04:05 pm BST",
                "halt": null,
                "duration": "08:25",
                "departure_time": null
            }
        ],
        "total_duration": "08:25",
        "train_name": "MAITREE EXPRESS (3109)"
    },
    "extra": {
        "hash": "FE8AB15B345270CFF53BFA245BE670BC"
    }
}