{
    "data": {
        "days": [
            "Fri",
            "Sat",
            "Sun",
            "Mon",
            "Tue",
            "Wed",
            "Thu"
        ],
        "routes": [
            {
                "city": "Chandpur",
                "departure_time": "05:00 am BST",
                "halt": null,
                "duration": null,
                "arrival_time": null
            },
            {
                "city": "Chandpur_Court",
                "arrival_time": "05:05 am BST",
                "departure_time": "05:07 am BST",
                "halt": "02",
                "duration": "00:05"
            },
            {
                "city": "Modhu_Road",
                "arrival_time": "05:22 am BST",
                "departure_time": "05:24 am BST",
                "halt": "02",
                "duration": "00:15"
            },
            {
                "city": "Hajiganj",
                "arrival_time": "05:35 am BST",
                "departure_time": "05:37 am BST",
                "halt": "02",
                "duration": "00:11"
            },
            {
                "city": "Meher",
                "arrival_time": "05:50 am BST",
                "departure_time": "05:52 am BST",
                "halt": "02",
                "duration": "00:13"
            },
            {
                "city": "Chitoshi_Road",
                "arrival_time": "06:04 am BST",
                "departure_time": "06:06 am BST",
                "halt": "02",
                "duration": "00:12"
            },
            {
                "city": "Laksam",
                "departure_time": "06:40 am BST",
                "arrival_time": "06:20 am BST",
                "halt": "20",
                "duration": "00:14"
            },
            {
                "city": "Nangolkot",
                "arrival_time": "06:54 am BST",
                "departure_time": "06:56 am BST",
                "halt": "02",
                "duration": "00:14"
            },
            {
                "city": "Hasanpur",
                "arrival_time": "07:03 am BST",
                "departure_time": "07:05 am BST",
                "halt": "02",
                "duration": "00:07"
            },
            {
                "city": "Feni",
                "departure_time": "07:30 am BST",
                "arrival_time": "07:27 am BST",
                "halt": "03",
                "duration": "00:22"
            },
            {
                "city": "Kumira",
                "departure_time": "08:32 am BST",
                "arrival_time": "08:30 am BST",
                "halt": "02",
                "duration": "01:00"
            },
            {
                "city": "Chattogram",
                "arrival_time": "09:00 am BST",
                "halt": null,
                "duration": "00:28",
                "departure_time": null
            }
        ],
        "total_duration": "04:00",
        "train_name": "MEGHNA EXPRESS (730)"
    },
    "extra": {
        "hash": "E51E2E1F970A42DE810B9F05F8C7710D"
    }
}