{
    "data": {
        "days": [
            "Sun",
            "Wed"
        ],
        "routes": [
            {
                "city": "New Jalpaiguri",
                "departure_time": "12:15 pm BST",
                "halt": null,
                "duration": null,
                "arrival_time": null
            },
            {
                "city": "Dhaka",
                "arrival_time": "10:30 pm BST",
                "halt": null,
                "duration": "10:15",
                "departure_time": null
            }
        ],
        "total_duration": "10:15",
        "train_name": "MITALI EXPRESS (3132)"
    },
    "extra": {
        "hash": "514D97166D2B16D7D4CA0823A966E975"
    }
}