{
    "data": {
        "days": [
            "Fri",
            "Sat",
            "Sun",
            "Mon",
            "Tue",
            "Thu"
        ],
        "routes": [
            {
                "city": "Mohanganj",
                "departure_time": "11:00 pm BST",
                "halt": null,
                "duration": null,
                "arrival_time": null
            },
            {
                "city": "Barhatta",
                "arrival_time": "11:16 pm BST",
                "departure_time": "11:19 pm BST",
                "halt": "03",
                "duration": "00:16"
            },
            {
                "city": "Thakrokona",
                "arrival_time": "11:29 pm BST",
                "departure_time": "11:32 pm BST",
                "halt": "03",
                "duration": "00:10"
            },
            {
                "city": "Netrakona",
                "departure_time": "11:53 pm BST",
                "arrival_time": "11:50 pm BST",
                "halt": "03",
                "duration": "00:18"
            },
            {
                "city": "Shyamgonj",
                "arrival_time": "12:15 am BST",
                "departure_time": "12:18 am BST",
                "halt": "03",
                "duration": "00:22"
            },
            {
                "city": "Gouripur_Myn",
                "arrival_time": "12:32 am BST",
                "departure_time": "12:35 am BST",
                "halt": "03",
                "duration": "00:14"
            },
            {
                "city": "Mymensingh",
                "departure_time": "01:30 am BST",
                "arrival_time": "01:10 am BST",
                "halt": "20",
                "duration": "00:35"
            },
            {
                "city": "Gafargaon",
                "arrival_time": "02:18 am BST",
                "departure_time": "02:21 am BST",
                "halt": "03",
                "duration": "00:48"
            },
            {
                "city": "Dhaka",
                "arrival_time": "04:55 am BST",
                "halt": null,
                "duration": "02:34",
                "departure_time": null
            }
        ],
        "total_duration": "05:55",
        "train_name": "MOHONGANJ EXPRESS (790)"
    },
    "extra": {
        "hash": "E51E2E1F970A42DE810B9F05F8C7710D"
    }
}