{
    "data": {
        "days": [
            "Fri",
            "Sat",
            "Sun",
            "Mon",
            "Tue",
            "Wed",
            "Thu"
        ],
        "routes": [
            {
                "city": "Narayanganj",
                "departure_time": "10:25 am BST",
                "halt": null,
                "duration": null,
                "arrival_time": null
            },
            {
                "city": "Dhaka",
                "arrival_time": "11:10 am BST",
                "halt": null,
                "duration": "00:45",
                "departure_time": null
            }
        ],
        "total_duration": "00:45",
        "train_name": "NARAYANGANJ COMMUTER 5 (1005)"
    },
    "extra": {
        "hash": "FE8AB15B345270CFF53BFA245BE670BC"
    }
}