{
    "data": {
        "days": [
            "Fri",
            "Sat",
            "Sun",
            "Mon",
            "Tue",
            "Thu"
        ],
        "routes": [
            {
                "city": "Dhaka",
                "departure_time": "06:45 am BST",
                "halt": null,
                "duration": null,
                "arrival_time": null
            },
            {
                "city": "Biman_Bandar",
                "arrival_time": "07:07 am BST",
                "departure_time": "07:12 am BST",
                "halt": "05",
                "duration": "00:22"
            },
            {
                "city": "Joydebpur",
                "arrival_time": "07:35 am BST",
                "departure_time": "07:37 am BST",
                "halt": "02",
                "duration": "00:23"
            },
            {
                "city": "BBSetu_E",
                "arrival_time": "08:59 am BST",
                "departure_time": "09:09 am BST",
                "halt": "10",
                "duration": "01:22"
            },
            {
                "city": "Muladhuli",
                "arrival_time": "10:39 am BST",
                "departure_time": "10:42 am BST",
                "halt": "03",
                "duration": "01:30"
            },
            {
                "city": "Natore",
                "arrival_time": "11:18 am BST",
                "departure_time": "11:21 am BST",
                "halt": "03",
                "duration": "00:36"
            },
            {
                "city": "Ahsanganj",
                "arrival_time": "11:41 am BST",
                "departure_time": "11:43 am BST",
                "halt": "02",
                "duration": "00:20"
            },
            {
                "city": "Santahar",
                "arrival_time": "12:30 pm BST",
                "departure_time": "12:35 pm BST",
                "halt": "05",
                "duration": "00:47"
            },
            {
                "city": "Akkelpur",
                "arrival_time": "12:55 pm BST",
                "departure_time": "12:57 pm BST",
                "halt": "02",
                "duration": "00:20"
            },
            {
                "city": "Joypurhat",
                "arrival_time": "01:11 pm BST",
                "departure_time": "01:14 pm BST",
                "halt": "03",
                "duration": "00:14"
            },
            {
                "city": "Birampur",
                "arrival_time": "01:42 pm BST",
                "departure_time": "01:45 pm BST",
                "halt": "03",
                "duration": "00:28"
            },
            {
                "city": "Fulbari",
                "arrival_time": "01:56 pm BST",
                "departure_time": "01:58 pm BST",
                "halt": "02",
                "duration": "00:11"
            },
            {
                "city": "Parbatipur",
                "arrival_time": "02:15 pm BST",
                "departure_time": "02:25 pm BST",
                "halt": "10",
                "duration": "00:17"
            },
            {
                "city": "Saidpur",
                "arrival_time": "02:42 pm BST",
                "departure_time": "02:46 pm BST",
                "halt": "04",
                "duration": "00:17"
            },
            {
                "city": "Nilphamari",
                "arrival_time": "03:05 pm BST",
                "departure_time": "03:08 pm BST",
                "halt": "03",
                "duration": "00:19"
            },
            {
                "city": "Domar",
                "arrival_time": "03:24 pm BST",
                "departure_time": "03:27 pm BST",
                "halt": "03",
                "duration": "00:16"
            },
            {
                "city": "Chilahati",
                "arrival_time": "04:00 pm BST",
                "halt": null,
                "duration": "00:33",
                "departure_time": null
            }
        ],
        "total_duration": "09:15",
        "train_name": "NILSAGAR EXPRESS (765)"
    },
    "extra": {
        "hash": "514D97166D2B16D7D4CA0823A966E975"
    }
}