{
    "data": {
        "days": [
            "Fri",
            "Sat",
            "Sun",
            "Mon",
            "Wed",
            "Thu"
        ],
        "routes": [
            {
                "city": "Chilahati",
                "departure_time": "08:00 pm BST",
                "halt": null,
                "duration": null,
                "arrival_time": null
            },
            {
                "city": "Domar",
                "departure_time": "08:21 pm BST",
                "arrival_time": "08:18 pm BST",
                "halt": "03",
                "duration": "00:18"
            },
            {
                "city": "Nilphamari",
                "departure_time": "08:40 pm BST",
                "arrival_time": "08:37 pm BST",
                "halt": "03",
                "duration": "00:16"
            },
            {
                "city": "Saidpur",
                "departure_time": "09:04 pm BST",
                "arrival_time": "08:59 pm BST",
                "halt": "05",
                "duration": "00:19"
            },
            {
                "city": "Parbatipur",
                "arrival_time": "09:20 pm BST",
                "departure_time": "09:40 pm BST",
                "halt": "20",
                "duration": "00:16"
            },
            {
                "city": "Fulbari",
                "departure_time": "10:01 pm BST",
                "arrival_time": "09:58 pm BST",
                "halt": "03",
                "duration": "00:18"
            },
            {
                "city": "Birampur",
                "departure_time": "10:15 pm BST",
                "arrival_time": "10:12 pm BST",
                "halt": "03",
                "duration": "00:11"
            },
            {
                "city": "Joypurhat",
                "arrival_time": "10:44 pm BST",
                "departure_time": "10:47 pm BST",
                "halt": "03",
                "duration": "00:29"
            },
            {
                "city": "Akkelpur",
                "arrival_time": "11:00 pm BST",
                "departure_time": "11:02 pm BST",
                "halt": "02",
                "duration": "00:13"
            },
            {
                "city": "Santahar",
                "arrival_time": "11:20 pm BST",
                "departure_time": "11:25 pm BST",
                "halt": "05",
                "duration": "00:18"
            },
            {
                "city": "Ahsanganj",
                "arrival_time": "11:47 pm BST",
                "departure_time": "11:49 pm BST",
                "halt": "02",
                "duration": "00:22"
            },
            {
                "city": "Natore",
                "arrival_time": "12:10 am BST",
                "departure_time": "12:13 am BST",
                "halt": "03",
                "duration": "00:21"
            },
            {
                "city": "Muladhuli",
                "arrival_time": "01:15 am BST",
                "departure_time": "01:17 am BST",
                "halt": "02",
                "duration": "01:02"
            },
            {
                "city": "BBSetu_E",
                "arrival_time": "02:58 am BST",
                "departure_time": "03:00 am BST",
                "halt": "02",
                "duration": "01:41"
            },
            {
                "city": "Joydebpur",
                "arrival_time": "04:21 am BST",
                "departure_time": "04:24 am BST",
                "halt": "03",
                "duration": "01:21"
            },
            {
                "city": "Dhaka",
                "arrival_time": "05:30 am BST",
                "halt": null,
                "duration": "01:06",
                "departure_time": null
            }
        ],
        "total_duration": "09:30",
        "train_name": "NILSAGAR EXPRESS (766)"
    },
    "extra": {
        "hash": "514D97166D2B16D7D4CA0823A966E975"
    }
}