{
    "data": {
        "days": [
            "Fri",
            "Sat",
            "Sun",
            "Mon",
            "Tue",
            "Thu"
        ],
        "routes": [
            {
                "city": "Dhaka",
                "departure_time": "06:45 am BST",
                "halt": null,
                "duration": null,
                "arrival_time": null
            },
            {
                "city": "Biman_Bandar",
                "arrival_time": "07:08 am BST",
                "departure_time": "07:12 am BST",
                "halt": "04",
                "duration": "00:23"
            },
            {
                "city": "Joydebpur",
                "arrival_time": "07:36 am BST",
                "departure_time": "07:37 am BST",
                "halt": "01",
                "duration": "00:24"
            },
            {
                "city": "Ibrahimabad",
                "arrival_time": "08:54 am BST",
                "departure_time": "09:09 am BST",
                "halt": "15",
                "duration": "01:17"
            },
            {
                "city": "Muladhuli",
                "arrival_time": "10:16 am BST",
                "departure_time": "10:42 am BST",
                "halt": "26",
                "duration": "01:07"
            },
            {
                "city": "Natore",
                "arrival_time": "11:18 am BST",
                "departure_time": "11:21 am BST",
                "halt": "03",
                "duration": "00:36"
            },
            {
                "city": "Ahsanganj",
                "arrival_time": "11:20 am BST",
                "departure_time": "11:43 am BST",
                "halt": "23",
                "duration": "00:01"
            },
            {
                "city": "Santahar",
                "arrival_time": "12:30 pm BST",
                "departure_time": "12:35 pm BST",
                "halt": "05",
                "duration": "00:47"
            },
            {
                "city": "Akkelpur",
                "arrival_time": "12:38 pm BST",
                "departure_time": "12:57 pm BST",
                "halt": "19",
                "duration": "00:03"
            },
            {
                "city": "Joypurhat",
                "arrival_time": "01:11 pm BST",
                "departure_time": "01:14 pm BST",
                "halt": "03",
                "duration": "00:14"
            },
            {
                "city": "Birampur",
                "arrival_time": "01:42 pm BST",
                "departure_time": "01:45 pm BST",
                "halt": "03",
                "duration": "00:28"
            },
            {
                "city": "Fulbari",
                "arrival_time": "01:56 pm BST",
                "departure_time": "01:58 pm BST",
                "halt": "02",
                "duration": "00:11"
            },
            {
                "city": "Parbatipur",
                "arrival_time": "02:15 pm BST",
                "departure_time": "02:25 pm BST",
                "halt": "10",
                "duration": "00:17"
            },
            {
                "city": "Saidpur",
                "arrival_time": "02:42 pm BST",
                "departure_time": "02:46 pm BST",
                "halt": "04",
                "duration": "00:17"
            },
            {
                "city": "Nilphamari",
                "arrival_time": "03:05 pm BST",
                "departure_time": "03:08 pm BST",
                "halt": "03",
                "duration": "00:19"
            },
            {
                "city": "Domar",
                "arrival_time": "03:24 pm BST",
                "departure_time": "03:27 pm BST",
                "halt": "03",
                "duration": "00:16"
            },
            {
                "city": "Chilahati",
                "arrival_time": "04:00 pm BST",
                "halt": null,
                "duration": "00:33",
                "departure_time": null
            }
        ],
        "total_duration": "09:15",
        "train_name": "NILSAGAR EXPRESS (765)"
    },
    "extra": {
        "hash": "FE8AB15B345270CFF53BFA245BE670BC"
    }
}