{
    "data": {
        "days": [
            "Fri",
            "Sat",
            "Sun",
            "Mon",
            "Wed",
            "Thu"
        ],
        "routes": [
            {
                "city": "Rajshahi",
                "departure_time": "04:00 pm BST",
                "halt": null,
                "duration": null,
                "arrival_time": null
            },
            {
                "city": "Sardah_Road",
                "arrival_time": "04:17 pm BST",
                "departure_time": "04:19 pm BST",
                "halt": "02",
                "duration": "00:17"
            },
            {
                "city": "Abdulpur",
                "arrival_time": "04:46 pm BST",
                "departure_time": "04:48 pm BST",
                "halt": "02",
                "duration": "00:27"
            },
            {
                "city": "Ishwardi Bypass",
                "arrival_time": "05:02 pm BST",
                "departure_time": "05:04 pm BST",
                "halt": "02",
                "duration": "00:14"
            },
            {
                "city": "Chatmohar",
                "arrival_time": "05:23 pm BST",
                "departure_time": "05:26 pm BST",
                "halt": "03",
                "duration": "00:19"
            },
            {
                "city": "Boral_Bridge",
                "arrival_time": "05:39 pm BST",
                "departure_time": "05:42 pm BST",
                "halt": "03",
                "duration": "00:13"
            },
            {
                "city": "Ullapara",
                "departure_time": "06:04 pm BST",
                "arrival_time": "06:00 pm BST",
                "halt": "04",
                "duration": "00:18"
            },
            {
                "city": "SH M Monsur Ali",
                "arrival_time": "06:20 pm BST",
                "departure_time": "06:22 pm BST",
                "halt": "02",
                "duration": "00:16"
            },
            {
                "city": "BBSetu_E",
                "arrival_time": "07:01 pm BST",
                "departure_time": "07:03 pm BST",
                "halt": "02",
                "duration": "00:39"
            },
            {
                "city": "Tangail",
                "departure_time": "07:25 pm BST",
                "arrival_time": "07:23 pm BST",
                "halt": "02",
                "duration": "00:20"
            },
            {
                "city": "Joydebpur",
                "arrival_time": "08:22 pm BST",
                "departure_time": "08:25 pm BST",
                "halt": "03",
                "duration": "00:57"
            },
            {
                "city": "Dhaka",
                "arrival_time": "09:25 pm BST",
                "halt": null,
                "duration": "01:00",
                "departure_time": null
            }
        ],
        "total_duration": "05:25",
        "train_name": "PADMA EXPRESS (760)"
    },
    "extra": {
        "hash": "514D97166D2B16D7D4CA0823A966E975"
    }
}