{
    "data": {
        "days": [
            "Fri",
            "Sat",
            "Sun",
            "Mon",
            "Wed",
            "Thu"
        ],
        "routes": [
            {
                "city": "Dhaka",
                "departure_time": "10:45 pm BST",
                "halt": null,
                "duration": null,
                "arrival_time": null
            },
            {
                "city": "Biman_Bandar",
                "arrival_time": "11:08 pm BST",
                "departure_time": "11:13 pm BST",
                "halt": "05",
                "duration": "00:23"
            },
            {
                "city": "Joydebpur",
                "arrival_time": "11:36 pm BST",
                "departure_time": "11:38 pm BST",
                "halt": "02",
                "duration": "00:23"
            },
            {
                "city": "Tangail",
                "arrival_time": "12:32 am BST",
                "departure_time": "12:34 am BST",
                "halt": "02",
                "duration": "00:54"
            },
            {
                "city": "BBSetu_E",
                "arrival_time": "12:54 am BST",
                "departure_time": "01:04 am BST",
                "halt": "10",
                "duration": "00:20"
            },
            {
                "city": "SH M Monsur Ali",
                "arrival_time": "01:30 am BST",
                "departure_time": "01:33 am BST",
                "halt": "03",
                "duration": "00:26"
            },
            {
                "city": "Ullapara",
                "arrival_time": "01:50 am BST",
                "departure_time": "01:53 am BST",
                "halt": "03",
                "duration": "00:17"
            },
            {
                "city": "Boral_Bridge",
                "arrival_time": "02:14 am BST",
                "departure_time": "02:17 am BST",
                "halt": "03",
                "duration": "00:21"
            },
            {
                "city": "Chatmohar",
                "arrival_time": "02:37 am BST",
                "departure_time": "02:40 am BST",
                "halt": "03",
                "duration": "00:20"
            },
            {
                "city": "Ishwardi Bypass",
                "arrival_time": "03:06 am BST",
                "departure_time": "03:09 am BST",
                "halt": "03",
                "duration": "00:26"
            },
            {
                "city": "Abdulpur",
                "arrival_time": "03:24 am BST",
                "departure_time": "03:26 am BST",
                "halt": "02",
                "duration": "00:15"
            },
            {
                "city": "Sardah_Road",
                "arrival_time": "03:52 am BST",
                "halt": "---",
                "duration": "00:26"
            },
            {
                "city": "Rajshahi",
                "arrival_time": "04:25 am BST",
                "halt": null,
                "duration": "---",
                "departure_time": null
            }
        ],
        "total_duration": "05:40",
        "train_name": "PADMA EXPRESS (759)"
    },
    "extra": {
        "hash": "514D97166D2B16D7D4CA0823A966E975"
    }
}