{
    "data": {
        "days": [
            "Fri",
            "Sat",
            "Sun",
            "Mon",
            "Wed",
            "Thu"
        ],
        "routes": [
            {
                "city": "Dhaka",
                "departure_time": "10:45 pm BST",
                "halt": null,
                "duration": null,
                "arrival_time": null
            },
            {
                "city": "Biman_Bandar",
                "arrival_time": "11:08 pm BST",
                "departure_time": "11:13 pm BST",
                "halt": "05",
                "duration": "00:23"
            },
            {
                "city": "Joydebpur",
                "arrival_time": "11:36 pm BST",
                "departure_time": "11:38 pm BST",
                "halt": "02",
                "duration": "00:23"
            },
            {
                "city": "Tangail",
                "arrival_time": "12:32 am BST",
                "departure_time": "12:34 am BST",
                "halt": "02",
                "duration": "00:54"
            },
            {
                "city": "Ibrahimabad",
                "arrival_time": "12:54 am BST",
                "departure_time": "12:56 am BST",
                "halt": "02",
                "duration": "00:20"
            },
            {
                "city": "SH M Monsur Ali",
                "arrival_time": "01:11 am BST",
                "departure_time": "01:14 am BST",
                "halt": "03",
                "duration": "00:15"
            },
            {
                "city": "Ullapara",
                "arrival_time": "01:30 am BST",
                "departure_time": "01:33 am BST",
                "halt": "03",
                "duration": "00:16"
            },
            {
                "city": "Boral_Bridge",
                "arrival_time": "01:51 am BST",
                "departure_time": "01:53 am BST",
                "halt": "02",
                "duration": "00:18"
            },
            {
                "city": "Chatmohar",
                "arrival_time": "02:07 am BST",
                "departure_time": "02:10 am BST",
                "halt": "03",
                "duration": "00:14"
            },
            {
                "city": "Ishwardi Bypass",
                "arrival_time": "02:30 am BST",
                "departure_time": "02:33 am BST",
                "halt": "03",
                "duration": "00:20"
            },
            {
                "city": "Abdulpur",
                "arrival_time": "02:48 am BST",
                "departure_time": "02:50 am BST",
                "halt": "02",
                "duration": "00:15"
            },
            {
                "city": "Sardah_Road",
                "arrival_time": "03:16 am BST",
                "departure_time": "03:18 am BST",
                "halt": "02",
                "duration": "00:26"
            },
            {
                "city": "Rajshahi",
                "arrival_time": "04:00 am BST",
                "halt": null,
                "duration": "00:42",
                "departure_time": null
            }
        ],
        "total_duration": "05:15",
        "train_name": "PADMA EXPRESS (759)"
    },
    "extra": {
        "hash": "E51E2E1F970A42DE810B9F05F8C7710D"
    }
}