{
    "data": {
        "days": [
            "Fri",
            "Sat",
            "Sun",
            "Mon",
            "Tue",
            "Wed",
            "Thu"
        ],
        "routes": [
            {
                "city": "Panchagarh",
                "departure_time": "12:20 pm BST",
                "halt": null,
                "duration": null,
                "arrival_time": null
            },
            {
                "city": "Thakurgaon_Road",
                "departure_time": "01:01 pm BST",
                "arrival_time": "12:58 pm BST",
                "halt": "03",
                "duration": "00:38"
            },
            {
                "city": "Pirganj",
                "departure_time": "01:27 pm BST",
                "arrival_time": "01:24 pm BST",
                "halt": "03",
                "duration": "00:23"
            },
            {
                "city": "Dinajpur",
                "departure_time": "02:20 pm BST",
                "arrival_time": "02:13 pm BST",
                "halt": "07",
                "duration": "00:46"
            },
            {
                "city": "Parbatipur",
                "arrival_time": "03:00 pm BST",
                "departure_time": "03:20 pm BST",
                "halt": "20",
                "duration": "00:40"
            },
            {
                "city": "Joypurhat",
                "arrival_time": "04:13 pm BST",
                "departure_time": "04:16 pm BST",
                "halt": "03",
                "duration": "00:53"
            },
            {
                "city": "Santahar",
                "arrival_time": "04:50 pm BST",
                "departure_time": "04:55 pm BST",
                "halt": "05",
                "duration": "00:34"
            },
            {
                "city": "Natore",
                "arrival_time": "05:36 pm BST",
                "departure_time": "05:39 pm BST",
                "halt": "03",
                "duration": "00:41"
            },
            {
                "city": "Dhaka",
                "arrival_time": "09:55 pm BST",
                "halt": null,
                "duration": "04:16",
                "departure_time": null
            }
        ],
        "total_duration": "09:35",
        "train_name": "PANCHAGARH EXPRESS (794)"
    },
    "extra": {
        "hash": "FE8AB15B345270CFF53BFA245BE670BC"
    }
}