{
    "data": {
        "days": [
            "Fri",
            "Sat",
            "Sun",
            "Mon",
            "Tue",
            "Wed",
            "Thu"
        ],
        "routes": [
            {
                "city": "Dhaka",
                "departure_time": "11:30 pm BST",
                "halt": null,
                "duration": null,
                "arrival_time": null
            },
            {
                "city": "Biman_Bandar",
                "arrival_time": "11:53 pm BST",
                "departure_time": "11:58 pm BST",
                "halt": "05",
                "duration": "00:23"
            },
            {
                "city": "Natore",
                "arrival_time": "03:54 am BST",
                "departure_time": "03:57 am BST",
                "halt": "03",
                "duration": "03:56"
            },
            {
                "city": "Santahar",
                "arrival_time": "04:40 am BST",
                "departure_time": "04:45 am BST",
                "halt": "05",
                "duration": "00:43"
            },
            {
                "city": "Joypurhat",
                "arrival_time": "05:16 am BST",
                "departure_time": "05:19 am BST",
                "halt": "03",
                "duration": "00:31"
            },
            {
                "city": "Parbatipur",
                "arrival_time": "06:20 am BST",
                "departure_time": "06:40 am BST",
                "halt": "20",
                "duration": "01:01"
            },
            {
                "city": "Dinajpur",
                "arrival_time": "07:16 am BST",
                "departure_time": "07:18 am BST",
                "halt": "02",
                "duration": "00:36"
            },
            {
                "city": "Pirganj",
                "arrival_time": "08:03 am BST",
                "departure_time": "08:06 am BST",
                "halt": "03",
                "duration": "00:45"
            },
            {
                "city": "Thakurgaon_Road",
                "arrival_time": "08:31 am BST",
                "departure_time": "08:34 am BST",
                "halt": "03",
                "duration": "00:25"
            },
            {
                "city": "B Sirajul Islam",
                "arrival_time": "09:50 am BST",
                "halt": null,
                "duration": "01:16",
                "departure_time": null
            }
        ],
        "total_duration": "10:20",
        "train_name": "PANCHAGARH EXPRESS (793)"
    },
    "extra": {
        "hash": "514D97166D2B16D7D4CA0823A966E975"
    }
}