{
    "data": {
        "days": [
            "Fri",
            "Sat",
            "Sun",
            "Mon",
            "Tue",
            "Thu"
        ],
        "routes": [
            {
                "city": "Dhaka",
                "departure_time": "06:15 am BST",
                "halt": null,
                "duration": null,
                "arrival_time": null
            },
            {
                "city": "Biman_Bandar",
                "arrival_time": "06:38 am BST",
                "departure_time": "06:43 am BST",
                "halt": "05",
                "duration": "00:23"
            },
            {
                "city": "Chattogram",
                "arrival_time": "11:20 am BST",
                "departure_time": "11:40 am BST",
                "halt": "20",
                "duration": "04:37"
            },
            {
                "city": "Cox's Bazar",
                "arrival_time": "02:40 pm BST",
                "halt": null,
                "duration": "03:00",
                "departure_time": null
            }
        ],
        "total_duration": "08:25",
        "train_name": "PARJOTAK EXPRESS (816)"
    },
    "extra": {
        "hash": "E51E2E1F970A42DE810B9F05F8C7710D"
    }
}