{
    "data": {
        "days": [
            "Fri",
            "Sat",
            "Mon",
            "Tue",
            "Wed",
            "Thu"
        ],
        "routes": [
            {
                "city": "Rangpur",
                "departure_time": "08:00 pm BST",
                "halt": null,
                "duration": null,
                "arrival_time": null
            },
            {
                "city": "Kaunia",
                "arrival_time": "08:20 pm BST",
                "departure_time": "08:40 pm BST",
                "halt": "20",
                "duration": "00:20"
            },
            {
                "city": "Kurigram",
                "arrival_time": "07:50 pm BST",
                "departure_time": "07:50 pm BST",
                "halt": "00",
                "duration": "00:50"
            },
            {
                "city": "Pirgacha",
                "arrival_time": "08:56 pm BST",
                "departure_time": "08:58 pm BST",
                "halt": "02",
                "duration": "01:06"
            },
            {
                "city": "Bamondanga",
                "arrival_time": "09:15 pm BST",
                "departure_time": "09:18 pm BST",
                "halt": "03",
                "duration": "00:17"
            },
            {
                "city": "Gaibandha",
                "arrival_time": "09:47 pm BST",
                "departure_time": "09:52 pm BST",
                "halt": "05",
                "duration": "00:29"
            },
            {
                "city": "Bonar_Para",
                "arrival_time": "10:15 pm BST",
                "departure_time": "10:25 pm BST",
                "halt": "10",
                "duration": "00:23"
            },
            {
                "city": "Sonatola",
                "arrival_time": "10:42 pm BST",
                "departure_time": "10:44 pm BST",
                "halt": "02",
                "duration": "00:17"
            },
            {
                "city": "Bogura",
                "arrival_time": "11:15 pm BST",
                "departure_time": "11:20 pm BST",
                "halt": "05",
                "duration": "00:31"
            },
            {
                "city": "Talora",
                "arrival_time": "11:40 pm BST",
                "departure_time": "11:42 pm BST",
                "halt": "02",
                "duration": "00:20"
            },
            {
                "city": "Santahar",
                "arrival_time": "12:10 am BST",
                "departure_time": "12:15 am BST",
                "halt": "05",
                "duration": "00:28"
            },
            {
                "city": "Natore",
                "arrival_time": "01:25 am BST",
                "departure_time": "01:28 am BST",
                "halt": "03",
                "duration": "01:10"
            },
            {
                "city": "Ibrahimabad",
                "arrival_time": "03:34 am BST",
                "departure_time": "03:36 am BST",
                "halt": "02",
                "duration": "02:06"
            },
            {
                "city": "Dhaka",
                "arrival_time": "06:00 am BST",
                "halt": null,
                "duration": "02:24",
                "departure_time": null
            }
        ],
        "total_duration": "10:00",
        "train_name": "RANGPUR EXPRESS (772)"
    },
    "extra": {
        "hash": "E51E2E1F970A42DE810B9F05F8C7710D"
    }
}