{
    "data": {
        "days": [
            "Fri",
            "Sat",
            "Mon",
            "Tue",
            "Wed",
            "Thu"
        ],
        "routes": [
            {
                "city": "Rangpur",
                "departure_time": "08:10 pm BST",
                "halt": null,
                "duration": null,
                "arrival_time": null
            },
            {
                "city": "Kaunia",
                "arrival_time": "08:30 pm BST",
                "departure_time": "08:50 pm BST",
                "halt": "20",
                "duration": "00:20"
            },
            {
                "city": "Kurigram",
                "arrival_time": "07:20 pm BST",
                "departure_time": "07:50 pm BST",
                "halt": "30",
                "duration": "01:30"
            },
            {
                "city": "Pirgacha",
                "arrival_time": "09:05 pm BST",
                "departure_time": "09:07 pm BST",
                "halt": "1438",
                "duration": "01:15"
            },
            {
                "city": "Bamondanga",
                "arrival_time": "09:24 pm BST",
                "departure_time": "09:26 pm BST",
                "halt": "02",
                "duration": "00:17"
            },
            {
                "city": "Gaibandha",
                "arrival_time": "09:55 pm BST",
                "departure_time": "09:58 pm BST",
                "halt": "03",
                "duration": "00:29"
            },
            {
                "city": "Bonar_Para",
                "arrival_time": "10:20 pm BST",
                "departure_time": "10:30 pm BST",
                "halt": "10",
                "duration": "00:22"
            },
            {
                "city": "Sonatola",
                "arrival_time": "10:47 pm BST",
                "departure_time": "10:49 pm BST",
                "halt": "02",
                "duration": "00:17"
            },
            {
                "city": "Bogura",
                "arrival_time": "11:19 pm BST",
                "departure_time": "11:22 pm BST",
                "halt": "03",
                "duration": "00:30"
            },
            {
                "city": "Talora",
                "arrival_time": "11:42 pm BST",
                "departure_time": "11:44 pm BST",
                "halt": "02",
                "duration": "00:20"
            },
            {
                "city": "Santahar",
                "arrival_time": "12:07 am BST",
                "departure_time": "12:12 am BST",
                "halt": "05",
                "duration": "00:23"
            },
            {
                "city": "Natore",
                "arrival_time": "01:08 am BST",
                "departure_time": "01:11 am BST",
                "halt": "03",
                "duration": "00:56"
            },
            {
                "city": "Ibrahimabad",
                "arrival_time": "03:43 am BST",
                "departure_time": "03:45 am BST",
                "halt": "02",
                "duration": "02:32"
            },
            {
                "city": "Dhaka",
                "arrival_time": "06:05 am BST",
                "halt": null,
                "duration": "02:20",
                "departure_time": null
            }
        ],
        "total_duration": "09:55",
        "train_name": "RANGPUR EXPRESS (772)"
    },
    "extra": {
        "hash": "514D97166D2B16D7D4CA0823A966E975"
    }
}