{
    "data": {
        "days": [
            "Fri",
            "Sat",
            "Sun",
            "Tue",
            "Wed",
            "Thu"
        ],
        "routes": [
            {
                "city": "Benapole",
                "departure_time": "03:25 pm BST",
                "halt": null,
                "duration": null,
                "arrival_time": null
            },
            {
                "city": "Jashore",
                "departure_time": "04:15 pm BST",
                "arrival_time": "04:12 pm BST",
                "halt": "03",
                "duration": "00:47"
            },
            {
                "city": "Narail",
                "arrival_time": "04:43 pm BST",
                "departure_time": "04:46 pm BST",
                "halt": "03",
                "duration": "00:28"
            },
            {
                "city": "Kashiani",
                "arrival_time": "05:08 pm BST",
                "departure_time": "05:11 pm BST",
                "halt": "03",
                "duration": "00:22"
            },
            {
                "city": "Bhanga_Junction",
                "arrival_time": "05:44 pm BST",
                "departure_time": "05:47 pm BST",
                "halt": "03",
                "duration": "00:33"
            },
            {
                "city": "Dhaka",
                "arrival_time": "07:00 pm BST",
                "halt": null,
                "duration": "01:13",
                "departure_time": null
            }
        ],
        "total_duration": "03:35",
        "train_name": "RUPOSHI BANGLA EXPRESS (827)"
    },
    "extra": {
        "hash": "E51E2E1F970A42DE810B9F05F8C7710D"
    }
}