{
    "data": {
        "days": [
            "Fri",
            "Sat",
            "Sun",
            "Tue",
            "Wed",
            "Thu"
        ],
        "routes": [
            {
                "city": "Khulna",
                "departure_time": "04:00 pm BST",
                "halt": null,
                "duration": null,
                "arrival_time": null
            },
            {
                "city": "Noapara",
                "arrival_time": "04:33 pm BST",
                "departure_time": "04:36 pm BST",
                "halt": "03",
                "duration": "00:33"
            },
            {
                "city": "Jashore",
                "departure_time": "05:08 pm BST",
                "arrival_time": "05:03 pm BST",
                "halt": "05",
                "duration": "00:27"
            },
            {
                "city": "Mubarakganj",
                "arrival_time": "05:35 pm BST",
                "departure_time": "05:37 pm BST",
                "halt": "02",
                "duration": "00:27"
            },
            {
                "city": "Kotchandpur",
                "departure_time": "05:51 pm BST",
                "arrival_time": "05:49 pm BST",
                "halt": "02",
                "duration": "00:12"
            },
            {
                "city": "Safdarpur",
                "arrival_time": "06:00 pm BST",
                "departure_time": "06:02 pm BST",
                "halt": "02",
                "duration": "00:09"
            },
            {
                "city": "Darshana_Halt",
                "arrival_time": "06:21 pm BST",
                "departure_time": "06:24 pm BST",
                "halt": "03",
                "duration": "00:19"
            },
            {
                "city": "Chuadanga",
                "arrival_time": "06:43 pm BST",
                "departure_time": "06:46 pm BST",
                "halt": "03",
                "duration": "00:19"
            },
            {
                "city": "Alamdanga",
                "arrival_time": "07:02 pm BST",
                "departure_time": "07:04 pm BST",
                "halt": "02",
                "duration": "00:16"
            },
            {
                "city": "Poradaha",
                "arrival_time": "07:20 pm BST",
                "departure_time": "07:23 pm BST",
                "halt": "03",
                "duration": "00:16"
            },
            {
                "city": "Mirpur",
                "arrival_time": "07:33 pm BST",
                "departure_time": "07:35 pm BST",
                "halt": "02",
                "duration": "00:10"
            },
            {
                "city": "Bheramara",
                "arrival_time": "07:45 pm BST",
                "departure_time": "07:47 pm BST",
                "halt": "02",
                "duration": "00:10"
            },
            {
                "city": "Paksey",
                "arrival_time": "07:59 pm BST",
                "departure_time": "08:01 pm BST",
                "halt": "02",
                "duration": "00:12"
            },
            {
                "city": "Ishwardi",
                "arrival_time": "08:10 pm BST",
                "departure_time": "08:30 pm BST",
                "halt": "20",
                "duration": "00:09"
            },
            {
                "city": "Azim Nagar",
                "arrival_time": "08:43 pm BST",
                "departure_time": "08:45 pm BST",
                "halt": "02",
                "duration": "00:13"
            },
            {
                "city": "Abdulpur",
                "arrival_time": "08:53 pm BST",
                "departure_time": "08:56 pm BST",
                "halt": "03",
                "duration": "00:08"
            },
            {
                "city": "Rajshahi",
                "arrival_time": "10:00 pm BST",
                "halt": null,
                "duration": "01:04",
                "departure_time": null
            }
        ],
        "total_duration": "06:00",
        "train_name": "SAGARDARI EXPRESS (761)"
    },
    "extra": {
        "hash": "E4CFA1D42AA2A482B6D6BA0B7015786C"
    }
}