{
    "data": {
        "days": [
            "Fri",
            "Sat",
            "Sun",
            "Tue",
            "Wed",
            "Thu"
        ],
        "routes": [
            {
                "city": "Chattogram",
                "departure_time": "06:15 am BST",
                "halt": null,
                "duration": null,
                "arrival_time": null
            },
            {
                "city": "Sholoshohor",
                "arrival_time": "06:25 am BST",
                "departure_time": "06:27 am BST",
                "halt": "02",
                "duration": "00:10"
            },
            {
                "city": "Janali_Hat",
                "arrival_time": "06:39 am BST",
                "departure_time": "06:41 am BST",
                "halt": "02",
                "duration": "00:12"
            },
            {
                "city": "Patiya",
                "arrival_time": "07:05 am BST",
                "departure_time": "07:07 am BST",
                "halt": "02",
                "duration": "00:24"
            },
            {
                "city": "Dohazari",
                "arrival_time": "07:29 am BST",
                "departure_time": "07:31 am BST",
                "halt": "02",
                "duration": "00:22"
            },
            {
                "city": "Satkania",
                "arrival_time": "07:42 am BST",
                "departure_time": "07:44 am BST",
                "halt": "02",
                "duration": "00:11"
            },
            {
                "city": "Chakaria",
                "arrival_time": "08:35 am BST",
                "departure_time": "08:37 am BST",
                "halt": "02",
                "duration": "00:51"
            },
            {
                "city": "Dulahazara",
                "arrival_time": "08:58 am BST",
                "departure_time": "09:00 am BST",
                "halt": "02",
                "duration": "00:21"
            },
            {
                "city": "Ramu",
                "arrival_time": "09:31 am BST",
                "departure_time": "09:33 am BST",
                "halt": "02",
                "duration": "00:31"
            },
            {
                "city": "Cox's Bazar",
                "arrival_time": "09:50 am BST",
                "halt": null,
                "duration": "00:17",
                "departure_time": null
            }
        ],
        "total_duration": "03:35",
        "train_name": "SHAIKAT EXPRESS (821)"
    },
    "extra": {
        "hash": "E4CFA1D42AA2A482B6D6BA0B7015786C"
    }
}