{
    "data": {
        "days": [
            "Fri",
            "Sat",
            "Mon",
            "Tue",
            "Wed",
            "Thu"
        ],
        "routes": [
            {
                "city": "Dhaka",
                "departure_time": "02:30 pm BST",
                "halt": null,
                "duration": null,
                "arrival_time": null
            },
            {
                "city": "Biman_Bandar",
                "arrival_time": "02:53 pm BST",
                "departure_time": "02:58 pm BST",
                "halt": "05",
                "duration": "00:23"
            },
            {
                "city": "Joydebpur",
                "arrival_time": "03:21 pm BST",
                "departure_time": "03:24 pm BST",
                "halt": "03",
                "duration": "00:23"
            },
            {
                "city": "Mirzapur",
                "arrival_time": "03:57 pm BST",
                "departure_time": "03:59 pm BST",
                "halt": "02",
                "duration": "00:33"
            },
            {
                "city": "Tangail",
                "arrival_time": "04:26 pm BST",
                "departure_time": "04:28 pm BST",
                "halt": "02",
                "duration": "00:27"
            },
            {
                "city": "Ibrahimabad",
                "arrival_time": "04:48 pm BST",
                "departure_time": "04:50 pm BST",
                "halt": "02",
                "duration": "00:20"
            },
            {
                "city": "SH M Monsur Ali",
                "arrival_time": "05:06 pm BST",
                "departure_time": "05:09 pm BST",
                "halt": "03",
                "duration": "00:16"
            },
            {
                "city": "Jamtail",
                "arrival_time": "05:17 pm BST",
                "departure_time": "05:19 pm BST",
                "halt": "02",
                "duration": "00:08"
            },
            {
                "city": "Ullapara",
                "arrival_time": "05:31 pm BST",
                "departure_time": "05:34 pm BST",
                "halt": "03",
                "duration": "00:12"
            },
            {
                "city": "Boral_Bridge",
                "arrival_time": "06:06 pm BST",
                "departure_time": "06:09 pm BST",
                "halt": "03",
                "duration": "00:32"
            },
            {
                "city": "Chatmohar",
                "arrival_time": "06:23 pm BST",
                "departure_time": "06:28 pm BST",
                "halt": "05",
                "duration": "00:14"
            },
            {
                "city": "Ishwardi Bypass",
                "arrival_time": "06:48 pm BST",
                "departure_time": "06:51 pm BST",
                "halt": "03",
                "duration": "00:20"
            },
            {
                "city": "Abdulpur",
                "arrival_time": "07:06 pm BST",
                "departure_time": "07:09 pm BST",
                "halt": "03",
                "duration": "00:15"
            },
            {
                "city": "Rajshahi",
                "arrival_time": "08:20 pm BST",
                "halt": null,
                "duration": "01:11",
                "departure_time": null
            }
        ],
        "total_duration": "05:50",
        "train_name": "SILKCITY EXPRESS (753)"
    },
    "extra": {
        "hash": "D21F9517716BD66EE5B3960CB7BACB69"
    }
}