{
    "data": {
        "days": [
            "Fri",
            "Sat",
            "Sun",
            "Tue",
            "Wed",
            "Thu"
        ],
        "routes": [
            {
                "city": "Khulna",
                "departure_time": "09:15 pm BST",
                "halt": null,
                "duration": null,
                "arrival_time": null
            },
            {
                "city": "Daulatpur",
                "arrival_time": "09:26 pm BST",
                "departure_time": "09:28 pm BST",
                "halt": "02",
                "duration": "00:11"
            },
            {
                "city": "Noapara",
                "arrival_time": "09:49 pm BST",
                "departure_time": "09:52 pm BST",
                "halt": "03",
                "duration": "00:21"
            },
            {
                "city": "Jashore",
                "departure_time": "10:26 pm BST",
                "arrival_time": "10:22 pm BST",
                "halt": "04",
                "duration": "00:30"
            },
            {
                "city": "Mubarakganj",
                "arrival_time": "10:53 pm BST",
                "departure_time": "10:55 pm BST",
                "halt": "02",
                "duration": "00:27"
            },
            {
                "city": "Kotchandpur",
                "departure_time": "11:09 pm BST",
                "arrival_time": "11:07 pm BST",
                "halt": "02",
                "duration": "00:12"
            },
            {
                "city": "Darshana_Halt",
                "arrival_time": "11:34 pm BST",
                "departure_time": "11:37 pm BST",
                "halt": "03",
                "duration": "00:25"
            },
            {
                "city": "Chuadanga",
                "arrival_time": "11:56 pm BST",
                "departure_time": "11:59 pm BST",
                "halt": "03",
                "duration": "00:19"
            },
            {
                "city": "Alamdanga",
                "arrival_time": "12:15 am BST",
                "departure_time": "12:17 am BST",
                "halt": "02",
                "duration": "00:16"
            },
            {
                "city": "Poradaha",
                "arrival_time": "12:31 am BST",
                "departure_time": "12:34 am BST",
                "halt": "03",
                "duration": "00:14"
            },
            {
                "city": "Bheramara",
                "arrival_time": "12:52 am BST",
                "departure_time": "12:55 am BST",
                "halt": "03",
                "duration": "00:18"
            },
            {
                "city": "Ishwardi",
                "arrival_time": "01:20 am BST",
                "departure_time": "01:30 am BST",
                "halt": "10",
                "duration": "00:25"
            },
            {
                "city": "Natore",
                "arrival_time": "02:20 am BST",
                "departure_time": "02:23 am BST",
                "halt": "03",
                "duration": "00:50"
            },
            {
                "city": "Santahar",
                "arrival_time": "03:10 am BST",
                "departure_time": "03:15 am BST",
                "halt": "05",
                "duration": "00:47"
            },
            {
                "city": "Akkelpur",
                "arrival_time": "03:35 am BST",
                "departure_time": "03:37 am BST",
                "halt": "02",
                "duration": "00:20"
            },
            {
                "city": "Joypurhat",
                "arrival_time": "03:51 am BST",
                "departure_time": "03:54 am BST",
                "halt": "03",
                "duration": "00:14"
            },
            {
                "city": "Birampur",
                "departure_time": "04:29 am BST",
                "arrival_time": "04:26 am BST",
                "halt": "03",
                "duration": "00:32"
            },
            {
                "city": "Fulbari",
                "departure_time": "04:43 am BST",
                "arrival_time": "04:40 am BST",
                "halt": "03",
                "duration": "00:11"
            },
            {
                "city": "Parbatipur",
                "arrival_time": "05:00 am BST",
                "departure_time": "05:10 am BST",
                "halt": "10",
                "duration": "00:17"
            },
            {
                "city": "Saidpur",
                "arrival_time": "05:27 am BST",
                "departure_time": "05:31 am BST",
                "halt": "04",
                "duration": "00:17"
            },
            {
                "city": "Nilphamari",
                "arrival_time": "05:50 am BST",
                "departure_time": "05:53 am BST",
                "halt": "03",
                "duration": "00:19"
            },
            {
                "city": "Domar",
                "arrival_time": "06:09 am BST",
                "departure_time": "06:12 am BST",
                "halt": "03",
                "duration": "00:16"
            },
            {
                "city": "Chilahati",
                "arrival_time": "06:45 am BST",
                "halt": null,
                "duration": "00:33",
                "departure_time": null
            }
        ],
        "total_duration": "09:30",
        "train_name": "SIMANTA EXPRESS (747)"
    },
    "extra": {
        "hash": "FE8AB15B345270CFF53BFA245BE670BC"
    }
}