{
    "data": {
        "days": [
            "Fri",
            "Sat",
            "Sun",
            "Tue",
            "Wed",
            "Thu"
        ],
        "routes": [
            {
                "city": "Chilahati",
                "departure_time": "06:45 pm BST",
                "halt": null,
                "duration": null,
                "arrival_time": null
            },
            {
                "city": "Domar",
                "departure_time": "07:06 pm BST",
                "arrival_time": "07:03 pm BST",
                "halt": "03",
                "duration": "00:18"
            },
            {
                "city": "Nilphamari",
                "departure_time": "07:25 pm BST",
                "arrival_time": "07:22 pm BST",
                "halt": "03",
                "duration": "00:16"
            },
            {
                "city": "Saidpur",
                "departure_time": "07:48 pm BST",
                "arrival_time": "07:44 pm BST",
                "halt": "04",
                "duration": "00:19"
            },
            {
                "city": "Parbatipur",
                "arrival_time": "08:05 pm BST",
                "departure_time": "08:25 pm BST",
                "halt": "20",
                "duration": "00:17"
            },
            {
                "city": "Fulbari",
                "departure_time": "08:46 pm BST",
                "arrival_time": "08:43 pm BST",
                "halt": "03",
                "duration": "00:18"
            },
            {
                "city": "Birampur",
                "departure_time": "09:00 pm BST",
                "arrival_time": "08:57 pm BST",
                "halt": "03",
                "duration": "00:11"
            },
            {
                "city": "Joypurhat",
                "arrival_time": "09:29 pm BST",
                "departure_time": "09:32 pm BST",
                "halt": "03",
                "duration": "00:29"
            },
            {
                "city": "Akkelpur",
                "arrival_time": "09:46 pm BST",
                "departure_time": "09:48 pm BST",
                "halt": "02",
                "duration": "00:14"
            },
            {
                "city": "Santahar",
                "arrival_time": "10:10 pm BST",
                "departure_time": "10:15 pm BST",
                "halt": "05",
                "duration": "00:22"
            },
            {
                "city": "Natore",
                "arrival_time": "10:55 pm BST",
                "departure_time": "10:58 pm BST",
                "halt": "03",
                "duration": "00:40"
            },
            {
                "city": "Ishwardi",
                "arrival_time": "11:35 pm BST",
                "departure_time": "11:55 pm BST",
                "halt": "20",
                "duration": "00:37"
            },
            {
                "city": "Bheramara",
                "arrival_time": "12:15 am BST",
                "departure_time": "12:18 am BST",
                "halt": "03",
                "duration": "00:20"
            },
            {
                "city": "Poradaha",
                "arrival_time": "12:36 am BST",
                "departure_time": "12:39 am BST",
                "halt": "03",
                "duration": "00:18"
            },
            {
                "city": "Alamdanga",
                "arrival_time": "12:55 am BST",
                "departure_time": "12:57 am BST",
                "halt": "02",
                "duration": "00:16"
            },
            {
                "city": "Chuadanga",
                "arrival_time": "01:14 am BST",
                "departure_time": "01:17 am BST",
                "halt": "03",
                "duration": "00:17"
            },
            {
                "city": "Darshana_Halt",
                "arrival_time": "01:37 am BST",
                "departure_time": "01:40 am BST",
                "halt": "03",
                "duration": "00:20"
            },
            {
                "city": "Kotchandpur",
                "arrival_time": "02:05 am BST",
                "departure_time": "02:07 am BST",
                "halt": "02",
                "duration": "00:25"
            },
            {
                "city": "Mubarakganj",
                "arrival_time": "02:19 am BST",
                "departure_time": "02:21 am BST",
                "halt": "02",
                "duration": "00:12"
            },
            {
                "city": "Jashore",
                "arrival_time": "02:55 am BST",
                "departure_time": "02:59 am BST",
                "halt": "04",
                "duration": "00:34"
            },
            {
                "city": "Noapara",
                "arrival_time": "03:27 am BST",
                "departure_time": "03:30 am BST",
                "halt": "03",
                "duration": "00:28"
            },
            {
                "city": "Daulatpur",
                "arrival_time": "03:55 am BST",
                "departure_time": "03:57 am BST",
                "halt": "02",
                "duration": "00:25"
            },
            {
                "city": "Khulna",
                "arrival_time": "04:20 am BST",
                "halt": null,
                "duration": "00:23",
                "departure_time": null
            }
        ],
        "total_duration": "09:35",
        "train_name": "SIMANTA EXPRESS (748)"
    },
    "extra": {
        "hash": "514D97166D2B16D7D4CA0823A966E975"
    }
}