{
    "data": {
        "days": [
            "Fri",
            "Sat",
            "Sun",
            "Mon",
            "Wed",
            "Thu"
        ],
        "routes": [
            {
                "city": "Gobra",
                "departure_time": "06:40 am BST",
                "halt": null,
                "duration": null,
                "arrival_time": null
            },
            {
                "city": "Borashi",
                "arrival_time": "06:49 am BST",
                "departure_time": "06:51 am BST",
                "halt": "02",
                "duration": "00:09"
            },
            {
                "city": "Gopalganj",
                "departure_time": "07:03 am BST",
                "arrival_time": "07:00 am BST",
                "halt": "03",
                "duration": "00:09"
            },
            {
                "city": "Chandradighalia",
                "arrival_time": "07:15 am BST",
                "departure_time": "07:17 am BST",
                "halt": "02",
                "duration": "00:12"
            },
            {
                "city": "Choto Bahirbag",
                "arrival_time": "07:28 am BST",
                "departure_time": "07:30 am BST",
                "halt": "02",
                "duration": "00:11"
            },
            {
                "city": "Chapta",
                "arrival_time": "07:41 am BST",
                "departure_time": "07:43 am BST",
                "halt": "02",
                "duration": "00:11"
            },
            {
                "city": "Kashiani",
                "arrival_time": "07:53 am BST",
                "departure_time": "07:58 am BST",
                "halt": "05",
                "duration": "00:10"
            },
            {
                "city": "Boalmari_Bazar",
                "arrival_time": "08:19 am BST",
                "departure_time": "08:21 am BST",
                "halt": "02",
                "duration": "00:21"
            },
            {
                "city": "Madhukhali",
                "arrival_time": "08:40 am BST",
                "departure_time": "08:42 am BST",
                "halt": "02",
                "duration": "00:19"
            },
            {
                "city": "Baharpur",
                "arrival_time": "09:02 am BST",
                "departure_time": "09:04 am BST",
                "halt": "02",
                "duration": "00:20"
            },
            {
                "city": "Kalukhali",
                "arrival_time": "09:18 am BST",
                "departure_time": "09:21 am BST",
                "halt": "03",
                "duration": "00:14"
            },
            {
                "city": "Pangsha",
                "departure_time": "09:32 am BST",
                "arrival_time": "09:30 am BST",
                "halt": "02",
                "duration": "00:09"
            },
            {
                "city": "Khoksha",
                "departure_time": "09:50 am BST",
                "arrival_time": "09:47 am BST",
                "halt": "03",
                "duration": "00:15"
            },
            {
                "city": "Kumarkhali",
                "departure_time": "10:09 am BST",
                "arrival_time": "10:07 am BST",
                "halt": "02",
                "duration": "00:17"
            },
            {
                "city": "Kushtia_Court",
                "arrival_time": "10:26 am BST",
                "departure_time": "10:29 am BST",
                "halt": "03",
                "duration": "00:17"
            },
            {
                "city": "Poradaha",
                "arrival_time": "10:40 am BST",
                "departure_time": "11:00 am BST",
                "halt": "20",
                "duration": "00:11"
            },
            {
                "city": "Bheramara",
                "departure_time": "11:20 am BST",
                "arrival_time": "11:17 am BST",
                "halt": "03",
                "duration": "00:17"
            },
            {
                "city": "Ishwardi",
                "arrival_time": "11:40 am BST",
                "departure_time": "12:00 pm BST",
                "halt": "20",
                "duration": "00:20"
            },
            {
                "city": "Rajshahi",
                "arrival_time": "01:15 pm BST",
                "halt": null,
                "duration": "01:15",
                "departure_time": null
            }
        ],
        "total_duration": "06:35",
        "train_name": "TUNGIPARA EXPRESS (783)"
    },
    "extra": {
        "hash": "514D97166D2B16D7D4CA0823A966E975"
    }
}