{
    "data": {
        "days": [
            "Fri",
            "Sat",
            "Sun",
            "Tue",
            "Wed",
            "Thu"
        ],
        "routes": [
            {
                "city": "Rajshahi",
                "departure_time": "03:30 pm BST",
                "halt": null,
                "duration": null,
                "arrival_time": null
            },
            {
                "city": "Ishwardi",
                "departure_time": "04:40 pm BST",
                "arrival_time": "04:30 pm BST",
                "halt": "10",
                "duration": "01:00"
            },
            {
                "city": "Bheramara",
                "arrival_time": "05:00 pm BST",
                "departure_time": "05:03 pm BST",
                "halt": "03",
                "duration": "00:20"
            },
            {
                "city": "Poradaha",
                "arrival_time": "05:20 pm BST",
                "departure_time": "05:45 pm BST",
                "halt": "25",
                "duration": "00:17"
            },
            {
                "city": "Kushtia_Court",
                "arrival_time": "05:57 pm BST",
                "departure_time": "06:00 pm BST",
                "halt": "03",
                "duration": "00:12"
            },
            {
                "city": "Kumarkhali",
                "departure_time": "06:20 pm BST",
                "arrival_time": "06:18 pm BST",
                "halt": "02",
                "duration": "00:18"
            },
            {
                "city": "Khoksha",
                "departure_time": "06:32 pm BST",
                "arrival_time": "06:30 pm BST",
                "halt": "02",
                "duration": "00:10"
            },
            {
                "city": "Pangsha",
                "departure_time": "07:00 pm BST",
                "arrival_time": "06:58 pm BST",
                "halt": "02",
                "duration": "00:26"
            },
            {
                "city": "Kalukhali",
                "arrival_time": "07:10 pm BST",
                "departure_time": "07:12 pm BST",
                "halt": "02",
                "duration": "00:10"
            },
            {
                "city": "Naliagram",
                "arrival_time": "07:40 pm BST",
                "halt": "---",
                "duration": "00:28"
            },
            {
                "city": "Baharpur",
                "arrival_time": "07:26 pm BST",
                "departure_time": "07:28 pm BST",
                "halt": "02",
                "duration": "---"
            },
            {
                "city": "Madhukhali",
                "arrival_time": "07:51 pm BST",
                "departure_time": "07:54 pm BST",
                "halt": "03",
                "duration": "00:23"
            },
            {
                "city": "Boalmari_Bazar",
                "arrival_time": "08:14 pm BST",
                "departure_time": "08:16 pm BST",
                "halt": "02",
                "duration": "00:20"
            },
            {
                "city": "Kashiani",
                "arrival_time": "08:40 pm BST",
                "departure_time": "08:43 pm BST",
                "halt": "03",
                "duration": "00:24"
            },
            {
                "city": "Chapta",
                "arrival_time": "08:52 pm BST",
                "departure_time": "08:54 pm BST",
                "halt": "02",
                "duration": "00:09"
            },
            {
                "city": "Choto Bahirbag",
                "arrival_time": "09:06 pm BST",
                "departure_time": "09:08 pm BST",
                "halt": "02",
                "duration": "00:12"
            },
            {
                "city": "Chandradighalia",
                "arrival_time": "09:19 pm BST",
                "departure_time": "09:21 pm BST",
                "halt": "02",
                "duration": "00:11"
            },
            {
                "city": "Gopalganj",
                "arrival_time": "09:33 pm BST",
                "departure_time": "09:38 pm BST",
                "halt": "05",
                "duration": "00:12"
            },
            {
                "city": "Borashi",
                "arrival_time": "09:49 pm BST",
                "departure_time": "09:51 pm BST",
                "halt": "02",
                "duration": "00:11"
            },
            {
                "city": "Gobra",
                "arrival_time": "10:10 pm BST",
                "halt": null,
                "duration": "00:19",
                "departure_time": null
            }
        ],
        "total_duration": "06:40",
        "train_name": "TUNGIPARA EXPRESS (784)"
    },
    "extra": {
        "hash": "E4CFA1D42AA2A482B6D6BA0B7015786C"
    }
}