{
    "data": {
        "days": [
            "Fri",
            "Sat",
            "Sun",
            "Mon",
            "Wed",
            "Thu"
        ],
        "routes": [
            {
                "city": "Dhaka",
                "departure_time": "03:10 pm BST",
                "halt": null,
                "duration": null,
                "arrival_time": null
            },
            {
                "city": "Biman_Bandar",
                "arrival_time": "03:33 pm BST",
                "departure_time": "03:38 pm BST",
                "halt": "05",
                "duration": "00:23"
            },
            {
                "city": "Narsingdi",
                "arrival_time": "04:17 pm BST",
                "departure_time": "04:20 pm BST",
                "halt": "03",
                "duration": "00:39"
            },
            {
                "city": "Bhairab_Bazar",
                "arrival_time": "04:50 pm BST",
                "departure_time": "04:53 pm BST",
                "halt": "03",
                "duration": "00:30"
            },
            {
                "city": "Ashuganj",
                "arrival_time": "05:00 pm BST",
                "departure_time": "05:03 pm BST",
                "halt": "03",
                "duration": "00:07"
            },
            {
                "city": "Brahmanbaria",
                "arrival_time": "05:17 pm BST",
                "departure_time": "05:21 pm BST",
                "halt": "04",
                "duration": "00:14"
            },
            {
                "city": "Akhaura",
                "arrival_time": "05:47 pm BST",
                "departure_time": "05:50 pm BST",
                "halt": "03",
                "duration": "00:26"
            },
            {
                "city": "Quasba",
                "arrival_time": "06:06 pm BST",
                "departure_time": "06:08 pm BST",
                "halt": "02",
                "duration": "00:16"
            },
            {
                "city": "Cumilla",
                "arrival_time": "06:38 pm BST",
                "departure_time": "06:40 pm BST",
                "halt": "02",
                "duration": "00:30"
            },
            {
                "city": "Laksam",
                "arrival_time": "07:03 pm BST",
                "departure_time": "07:06 pm BST",
                "halt": "03",
                "duration": "00:23"
            },
            {
                "city": "Natherpetua",
                "arrival_time": "07:28 pm BST",
                "halt": "---",
                "duration": "00:22"
            },
            {
                "city": "Sonaimuri",
                "arrival_time": "07:42 pm BST",
                "halt": "---",
                "duration": "---"
            },
            {
                "city": "Bajra",
                "arrival_time": "07:53 pm BST",
                "halt": "---",
                "duration": "---"
            },
            {
                "city": "Choumuhani",
                "arrival_time": "08:04 pm BST",
                "departure_time": "08:06 pm BST",
                "halt": "02",
                "duration": "---"
            },
            {
                "city": "Maijdi Court",
                "arrival_time": "08:20 pm BST",
                "halt": "---",
                "duration": "00:14"
            },
            {
                "city": "Noakhali",
                "arrival_time": "08:40 pm BST",
                "halt": null,
                "duration": "---",
                "departure_time": null
            }
        ],
        "total_duration": "05:30",
        "train_name": "UPAKUL EXPRESS (712)"
    },
    "extra": {
        "hash": "E4CFA1D42AA2A482B6D6BA0B7015786C"
    }
}