{
    "data": {
        "days": [
            "Fri",
            "Sat",
            "Sun",
            "Mon",
            "Tue",
            "Wed",
            "Thu"
        ],
        "routes": [
            {
                "city": "Dhaka",
                "departure_time": "11:30 am BST",
                "halt": null,
                "duration": null,
                "arrival_time": null
            },
            {
                "city": "Biman_Bandar",
                "arrival_time": "11:53 am BST",
                "departure_time": "11:58 am BST",
                "halt": "05",
                "duration": "00:23"
            },
            {
                "city": "Gafargaon",
                "arrival_time": "01:20 pm BST",
                "departure_time": "01:23 pm BST",
                "halt": "03",
                "duration": "01:22"
            },
            {
                "city": "Mymensingh",
                "arrival_time": "02:05 pm BST",
                "departure_time": "02:10 pm BST",
                "halt": "05",
                "duration": "00:42"
            },
            {
                "city": "Narundi",
                "arrival_time": "02:51 pm BST",
                "halt": "---",
                "duration": "00:41"
            },
            {
                "city": "Jamalpur_Town",
                "arrival_time": "03:16 pm BST",
                "departure_time": "03:21 pm BST",
                "halt": "05",
                "duration": "---"
            },
            {
                "city": "Kendua_Bazar",
                "arrival_time": "03:41 pm BST",
                "halt": "---",
                "duration": "00:20"
            },
            {
                "city": "Sarishabari",
                "arrival_time": "04:14 pm BST",
                "departure_time": "04:16 pm BST",
                "halt": "02",
                "duration": "---"
            },
            {
                "city": "Tarakandi",
                "arrival_time": "04:50 pm BST",
                "halt": null,
                "duration": "00:34",
                "departure_time": null
            }
        ],
        "total_duration": "05:20",
        "train_name": "AGHNIBINA EXPRESS (735)"
    },
    "extra": {
        "hash": "46956DC04F11E6DCE43E06B3F32F866C"
    }
}