{
    "data": {
        "days": [
            "Fri",
            "Sat",
            "Mon",
            "Tue",
            "Wed",
            "Thu"
        ],
        "routes": [
            {
                "city": "Chilahati",
                "departure_time": "05:00 am BST",
                "halt": null,
                "duration": null,
                "arrival_time": null
            },
            {
                "city": "Domar",
                "departure_time": "05:21 am BST",
                "arrival_time": "05:18 am BST",
                "halt": "03",
                "duration": "00:18"
            },
            {
                "city": "Nilphamari",
                "departure_time": "05:48 am BST",
                "arrival_time": "05:45 am BST",
                "halt": "03",
                "duration": "00:24"
            },
            {
                "city": "Saidpur",
                "departure_time": "06:19 am BST",
                "arrival_time": "06:15 am BST",
                "halt": "04",
                "duration": "00:27"
            },
            {
                "city": "Parbatipur",
                "arrival_time": "06:35 am BST",
                "departure_time": "06:55 am BST",
                "halt": "20",
                "duration": "00:16"
            },
            {
                "city": "Fulbari",
                "departure_time": "07:16 am BST",
                "arrival_time": "07:13 am BST",
                "halt": "03",
                "duration": "00:18"
            },
            {
                "city": "Birampur",
                "departure_time": "07:30 am BST",
                "arrival_time": "07:27 am BST",
                "halt": "03",
                "duration": "00:11"
            },
            {
                "city": "Hili",
                "arrival_time": "07:43 am BST",
                "halt": "---",
                "duration": "00:13"
            },
            {
                "city": "Panchbibi",
                "arrival_time": "07:55 am BST",
                "departure_time": "07:57 am BST",
                "halt": "02",
                "duration": "---"
            },
            {
                "city": "Joypurhat",
                "arrival_time": "08:08 am BST",
                "departure_time": "08:11 am BST",
                "halt": "03",
                "duration": "00:11"
            },
            {
                "city": "Akkelpur",
                "arrival_time": "08:24 am BST",
                "departure_time": "08:26 am BST",
                "halt": "02",
                "duration": "00:13"
            },
            {
                "city": "Santahar",
                "arrival_time": "08:45 am BST",
                "departure_time": "08:50 am BST",
                "halt": "05",
                "duration": "00:19"
            },
            {
                "city": "Ahsanganj",
                "arrival_time": "09:12 am BST",
                "departure_time": "09:15 am BST",
                "halt": "03",
                "duration": "00:22"
            },
            {
                "city": "Natore",
                "arrival_time": "09:36 am BST",
                "departure_time": "09:39 am BST",
                "halt": "03",
                "duration": "00:21"
            },
            {
                "city": "Abdulpur",
                "arrival_time": "09:55 am BST",
                "departure_time": "10:15 am BST",
                "halt": "20",
                "duration": "00:16"
            },
            {
                "city": "Rajshahi",
                "arrival_time": "11:10 am BST",
                "halt": null,
                "duration": "00:55",
                "departure_time": null
            }
        ],
        "total_duration": "06:10",
        "train_name": "BARENDRA EXPRESS (732)"
    },
    "extra": {
        "hash": "46956DC04F11E6DCE43E06B3F32F866C"
    }
}