{
    "data": {
        "days": [
            "Fri",
            "Sat",
            "Mon",
            "Tue",
            "Wed",
            "Thu"
        ],
        "routes": [
            {
                "city": "Rajshahi",
                "departure_time": "03:00 pm BST",
                "halt": null,
                "duration": null,
                "arrival_time": null
            },
            {
                "city": "Abdulpur",
                "arrival_time": "03:40 pm BST",
                "departure_time": "04:04 pm BST",
                "halt": "24",
                "duration": "00:40"
            },
            {
                "city": "Natore",
                "arrival_time": "04:20 pm BST",
                "departure_time": "04:23 pm BST",
                "halt": "03",
                "duration": "00:16"
            },
            {
                "city": "Ahsanganj",
                "arrival_time": "04:43 pm BST",
                "departure_time": "04:46 pm BST",
                "halt": "03",
                "duration": "00:20"
            },
            {
                "city": "Santahar",
                "departure_time": "05:25 pm BST",
                "arrival_time": "05:20 pm BST",
                "halt": "05",
                "duration": "00:34"
            },
            {
                "city": "Akkelpur",
                "arrival_time": "05:50 pm BST",
                "departure_time": "05:52 pm BST",
                "halt": "02",
                "duration": "00:25"
            },
            {
                "city": "Joypurhat",
                "departure_time": "06:10 pm BST",
                "arrival_time": "06:06 pm BST",
                "halt": "04",
                "duration": "00:14"
            },
            {
                "city": "Panchbibi",
                "departure_time": "06:30 pm BST",
                "arrival_time": "06:28 pm BST",
                "halt": "02",
                "duration": "00:18"
            },
            {
                "city": "Birampur",
                "departure_time": "06:53 pm BST",
                "arrival_time": "06:50 pm BST",
                "halt": "03",
                "duration": "00:20"
            },
            {
                "city": "Fulbari",
                "departure_time": "07:07 pm BST",
                "arrival_time": "07:04 pm BST",
                "halt": "03",
                "duration": "00:11"
            },
            {
                "city": "Parbatipur",
                "arrival_time": "07:25 pm BST",
                "departure_time": "07:40 pm BST",
                "halt": "15",
                "duration": "00:18"
            },
            {
                "city": "Saidpur",
                "arrival_time": "08:09 pm BST",
                "departure_time": "08:13 pm BST",
                "halt": "04",
                "duration": "00:29"
            },
            {
                "city": "Nilphamari",
                "arrival_time": "08:32 pm BST",
                "departure_time": "08:35 pm BST",
                "halt": "03",
                "duration": "00:19"
            },
            {
                "city": "Domar",
                "arrival_time": "08:58 pm BST",
                "departure_time": "09:01 pm BST",
                "halt": "03",
                "duration": "00:23"
            },
            {
                "city": "Chilahati",
                "arrival_time": "09:35 pm BST",
                "halt": null,
                "duration": "00:34",
                "departure_time": null
            }
        ],
        "total_duration": "06:35",
        "train_name": "BARENDRA EXPRESS (731)"
    },
    "extra": {
        "hash": "46956DC04F11E6DCE43E06B3F32F866C"
    }
}