{
    "data": {
        "days": [
            "Fri",
            "Sat",
            "Sun",
            "Mon",
            "Tue",
            "Wed",
            "Thu"
        ],
        "routes": [
            {
                "city": "Dewanganj_Bazar",
                "departure_time": "06:40 am BST",
                "halt": null,
                "duration": null,
                "arrival_time": null
            },
            {
                "city": "Islampur_Bazar",
                "departure_time": "06:58 am BST",
                "arrival_time": "06:53 am BST",
                "halt": "05",
                "duration": "00:13"
            },
            {
                "city": "Melandah_Bazar",
                "departure_time": "07:19 am BST",
                "arrival_time": "07:14 am BST",
                "halt": "05",
                "duration": "00:16"
            },
            {
                "city": "Jamalpur_Town",
                "departure_time": "07:40 am BST",
                "arrival_time": "07:35 am BST",
                "halt": "05",
                "duration": "00:16"
            },
            {
                "city": "Nandina",
                "arrival_time": "07:53 am BST",
                "departure_time": "07:56 am BST",
                "halt": "03",
                "duration": "00:13"
            },
            {
                "city": "Piyarpur",
                "departure_time": "08:19 am BST",
                "arrival_time": "08:16 am BST",
                "halt": "03",
                "duration": "00:20"
            },
            {
                "city": "Mymensingh",
                "departure_time": "08:55 am BST",
                "arrival_time": "08:50 am BST",
                "halt": "05",
                "duration": "00:31"
            },
            {
                "city": "Gafargaon",
                "arrival_time": "09:52 am BST",
                "departure_time": "09:55 am BST",
                "halt": "03",
                "duration": "00:57"
            },
            {
                "city": "Biman_Bandar",
                "arrival_time": "11:14 am BST",
                "halt": "---",
                "duration": "01:19"
            },
            {
                "city": "Dhaka",
                "arrival_time": "11:55 am BST",
                "halt": null,
                "duration": "---",
                "departure_time": null
            }
        ],
        "total_duration": "05:15",
        "train_name": "BHRAMMAPUTRA EXPRESS (744)"
    },
    "extra": {
        "hash": "46956DC04F11E6DCE43E06B3F32F866C"
    }
}