{
    "data": {
        "days": [
            "Fri",
            "Sat",
            "Sun",
            "Tue",
            "Wed",
            "Thu"
        ],
        "routes": [
            {
                "city": "Lalmonirhat",
                "departure_time": "09:10 pm BST",
                "halt": null,
                "duration": null,
                "arrival_time": null
            },
            {
                "city": "Burimari",
                "departure_time": "06:00 pm BST",
                "halt": "---",
                "duration": "---"
            },
            {
                "city": "Patgram",
                "arrival_time": "06:13 pm BST",
                "halt": "---",
                "duration": "00:13"
            },
            {
                "city": "Barkhata",
                "arrival_time": "06:44 pm BST",
                "halt": "---",
                "duration": "---"
            },
            {
                "city": "Hatibandha",
                "arrival_time": "06:58 pm BST",
                "halt": "---",
                "duration": "---"
            },
            {
                "city": "Tushbhandar",
                "arrival_time": "07:31 pm BST",
                "halt": "---",
                "duration": "---"
            },
            {
                "city": "Kaunia",
                "arrival_time": "09:33 pm BST",
                "departure_time": "09:36 pm BST",
                "halt": "03",
                "duration": "---"
            },
            {
                "city": "Gaibandha",
                "arrival_time": "10:42 pm BST",
                "departure_time": "10:47 pm BST",
                "halt": "05",
                "duration": "01:06"
            },
            {
                "city": "Bonar_Para",
                "arrival_time": "11:09 pm BST",
                "departure_time": "11:14 pm BST",
                "halt": "05",
                "duration": "00:22"
            },
            {
                "city": "Bogura",
                "departure_time": "12:08 am BST",
                "arrival_time": "12:03 am BST",
                "halt": "05",
                "duration": "00:49"
            },
            {
                "city": "Santahar",
                "arrival_time": "12:50 am BST",
                "departure_time": "12:55 am BST",
                "halt": "05",
                "duration": "00:42"
            },
            {
                "city": "Natore",
                "arrival_time": "01:50 am BST",
                "departure_time": "02:00 am BST",
                "halt": "10",
                "duration": "00:55"
            },
            {
                "city": "Dhaka",
                "arrival_time": "07:00 am BST",
                "halt": null,
                "duration": "05:00",
                "departure_time": null
            }
        ],
        "total_duration": "09:50",
        "train_name": "BURIMARI EXPRESS (810)"
    },
    "extra": {
        "hash": "46956DC04F11E6DCE43E06B3F32F866C"
    }
}