{
    "data": {
        "days": [
            "Fri",
            "Sun",
            "Mon",
            "Tue",
            "Wed",
            "Thu"
        ],
        "routes": [
            {
                "city": "Dhaka",
                "departure_time": "05:00 pm BST",
                "halt": null,
                "duration": null,
                "arrival_time": null
            },
            {
                "city": "Biman_Bandar",
                "arrival_time": "05:23 pm BST",
                "departure_time": "05:28 pm BST",
                "halt": "05",
                "duration": "00:23"
            },
            {
                "city": "Joydebpur",
                "arrival_time": "05:51 pm BST",
                "departure_time": "05:55 pm BST",
                "halt": "04",
                "duration": "00:23"
            },
            {
                "city": "Ishwardi Bypass",
                "arrival_time": "09:14 pm BST",
                "departure_time": "09:16 pm BST",
                "halt": "02",
                "duration": "03:19"
            },
            {
                "city": "Natore",
                "arrival_time": "09:44 pm BST",
                "departure_time": "09:47 pm BST",
                "halt": "03",
                "duration": "00:28"
            },
            {
                "city": "Santahar",
                "arrival_time": "10:45 pm BST",
                "departure_time": "10:50 pm BST",
                "halt": "05",
                "duration": "00:58"
            },
            {
                "city": "Joypurhat",
                "arrival_time": "11:41 pm BST",
                "departure_time": "11:44 pm BST",
                "halt": "03",
                "duration": "00:51"
            },
            {
                "city": "Birampur",
                "arrival_time": "12:12 am BST",
                "departure_time": "12:15 am BST",
                "halt": "03",
                "duration": "00:28"
            },
            {
                "city": "Fulbari",
                "arrival_time": "12:26 am BST",
                "departure_time": "12:29 am BST",
                "halt": "03",
                "duration": "00:11"
            },
            {
                "city": "Parbatipur",
                "arrival_time": "01:00 am BST",
                "departure_time": "01:20 am BST",
                "halt": "20",
                "duration": "00:31"
            },
            {
                "city": "Saidpur",
                "arrival_time": "01:37 am BST",
                "departure_time": "01:42 am BST",
                "halt": "05",
                "duration": "00:17"
            },
            {
                "city": "Nilphamari",
                "arrival_time": "02:01 am BST",
                "departure_time": "02:05 am BST",
                "halt": "04",
                "duration": "00:19"
            },
            {
                "city": "Domar",
                "arrival_time": "02:21 am BST",
                "departure_time": "02:24 am BST",
                "halt": "03",
                "duration": "00:16"
            },
            {
                "city": "Chilahati",
                "arrival_time": "03:00 am BST",
                "halt": null,
                "duration": "00:36",
                "departure_time": null
            }
        ],
        "total_duration": "10:00",
        "train_name": "CHILAHATI EXPRESS (805)"
    },
    "extra": {
        "hash": "46956DC04F11E6DCE43E06B3F32F866C"
    }
}