{
    "data": {
        "days": [
            "Fri",
            "Sat",
            "Mon",
            "Tue",
            "Wed",
            "Thu"
        ],
        "routes": [
            {
                "city": "Dhaka",
                "departure_time": "07:30 pm BST",
                "halt": null,
                "duration": null,
                "arrival_time": null
            },
            {
                "city": "Biman_Bandar",
                "arrival_time": "07:53 pm BST",
                "departure_time": "07:58 pm BST",
                "halt": "05",
                "duration": "00:23"
            },
            {
                "city": "Joydebpur",
                "arrival_time": "08:20 pm BST",
                "departure_time": "08:23 pm BST",
                "halt": "03",
                "duration": "00:22"
            },
            {
                "city": "Tangail",
                "arrival_time": "09:40 pm BST",
                "departure_time": "09:42 pm BST",
                "halt": "02",
                "duration": "01:17"
            },
            {
                "city": "BBSetu_E",
                "arrival_time": "10:02 pm BST",
                "departure_time": "10:12 pm BST",
                "halt": "10",
                "duration": "00:20"
            },
            {
                "city": "SH M Monsur Ali",
                "arrival_time": "10:38 pm BST",
                "departure_time": "10:41 pm BST",
                "halt": "03",
                "duration": "00:26"
            },
            {
                "city": "Ullapara",
                "arrival_time": "10:58 pm BST",
                "departure_time": "11:00 pm BST",
                "halt": "02",
                "duration": "00:17"
            },
            {
                "city": "Boral_Bridge",
                "arrival_time": "11:18 pm BST",
                "departure_time": "11:20 pm BST",
                "halt": "02",
                "duration": "00:18"
            },
            {
                "city": "Chatmohar",
                "arrival_time": "11:33 pm BST",
                "departure_time": "11:35 pm BST",
                "halt": "02",
                "duration": "00:13"
            },
            {
                "city": "Ishwardi",
                "arrival_time": "12:15 am BST",
                "departure_time": "12:35 am BST",
                "halt": "20",
                "duration": "00:40"
            },
            {
                "city": "Bheramara",
                "arrival_time": "12:55 am BST",
                "departure_time": "12:58 am BST",
                "halt": "03",
                "duration": "00:20"
            },
            {
                "city": "Poradaha",
                "arrival_time": "01:16 am BST",
                "departure_time": "01:20 am BST",
                "halt": "04",
                "duration": "00:18"
            },
            {
                "city": "Alamdanga",
                "arrival_time": "01:35 am BST",
                "departure_time": "01:37 am BST",
                "halt": "1442",
                "duration": "23:45"
            },
            {
                "city": "Chuadanga",
                "arrival_time": "01:54 am BST",
                "departure_time": "01:57 am BST",
                "halt": "03",
                "duration": "00:17"
            },
            {
                "city": "Kotchandpur",
                "arrival_time": "02:47 am BST",
                "departure_time": "02:49 am BST",
                "halt": "02",
                "duration": "00:50"
            },
            {
                "city": "Mubarakganj",
                "arrival_time": "03:03 am BST",
                "departure_time": "03:05 am BST",
                "halt": "02",
                "duration": "00:14"
            },
            {
                "city": "Jashore",
                "arrival_time": "03:40 am BST",
                "departure_time": "03:44 am BST",
                "halt": "04",
                "duration": "00:35"
            },
            {
                "city": "Noapara",
                "arrival_time": "04:12 am BST",
                "departure_time": "04:15 am BST",
                "halt": "03",
                "duration": "00:28"
            },
            {
                "city": "Khulna",
                "arrival_time": "05:00 am BST",
                "halt": null,
                "duration": "00:45",
                "departure_time": null
            }
        ],
        "total_duration": "09:30",
        "train_name": "CHITRA EXPRESS (764)"
    },
    "extra": {
        "hash": "CC402A2A6DD1879839394FD2C1EA7348"
    }
}