{
    "data": {
        "days": [
            "Fri",
            "Sat",
            "Sun",
            "Mon",
            "Tue",
            "Wed",
            "Thu"
        ],
        "routes": [
            {
                "city": "Cox's Bazar",
                "departure_time": "07:00 pm BST",
                "halt": null,
                "duration": null,
                "arrival_time": null
            },
            {
                "city": "Ramu",
                "arrival_time": "07:12 pm BST",
                "halt": "---",
                "duration": "00:12"
            },
            {
                "city": "Dulahazara",
                "arrival_time": "07:41 pm BST",
                "halt": "---",
                "duration": "---"
            },
            {
                "city": "Chakaria",
                "arrival_time": "07:55 pm BST",
                "halt": "---",
                "duration": "---"
            },
            {
                "city": "Satkania",
                "arrival_time": "08:31 pm BST",
                "halt": "---",
                "duration": "---"
            },
            {
                "city": "Dohazari",
                "arrival_time": "08:43 pm BST",
                "halt": "---",
                "duration": "---"
            },
            {
                "city": "Patiya",
                "arrival_time": "09:07 pm BST",
                "halt": "---",
                "duration": "---"
            },
            {
                "city": "Janali_Hat",
                "arrival_time": "09:31 pm BST",
                "halt": "---",
                "duration": "---"
            },
            {
                "city": "Sholoshohor",
                "arrival_time": "09:45 pm BST",
                "halt": "---",
                "duration": "---"
            },
            {
                "city": "Chattogram",
                "arrival_time": "10:05 pm BST",
                "halt": null,
                "duration": "---",
                "departure_time": null
            }
        ],
        "total_duration": "03:05",
        "train_name": "EID SPL 10 (10)"
    },
    "extra": {
        "hash": "46956DC04F11E6DCE43E06B3F32F866C"
    }
}