{
    "data": {
        "days": [
            "Fri",
            "Sat",
            "Sun",
            "Mon",
            "Tue",
            "Thu"
        ],
        "routes": [
            {
                "city": "Dhaka",
                "departure_time": "10:15 pm BST",
                "halt": null,
                "duration": null,
                "arrival_time": null
            },
            {
                "city": "Biman_Bandar",
                "arrival_time": "10:38 pm BST",
                "departure_time": "10:43 pm BST",
                "halt": "05",
                "duration": "00:23"
            },
            {
                "city": "Joydebpur",
                "arrival_time": "11:05 pm BST",
                "departure_time": "11:08 pm BST",
                "halt": "03",
                "duration": "00:22"
            },
            {
                "city": "Gafargaon",
                "arrival_time": "12:04 am BST",
                "departure_time": "12:07 am BST",
                "halt": "03",
                "duration": "00:56"
            },
            {
                "city": "Mymensingh",
                "arrival_time": "12:50 am BST",
                "departure_time": "01:10 am BST",
                "halt": "20",
                "duration": "00:43"
            },
            {
                "city": "Gouripur_Myn",
                "arrival_time": "01:35 am BST",
                "departure_time": "01:40 am BST",
                "halt": "05",
                "duration": "00:25"
            },
            {
                "city": "Shyamgonj",
                "arrival_time": "01:52 am BST",
                "departure_time": "01:55 am BST",
                "halt": "03",
                "duration": "00:12"
            },
            {
                "city": "Netrakona",
                "arrival_time": "02:17 am BST",
                "departure_time": "02:20 am BST",
                "halt": "03",
                "duration": "00:22"
            },
            {
                "city": "Barhatta",
                "arrival_time": "02:50 am BST",
                "departure_time": "02:53 am BST",
                "halt": "03",
                "duration": "00:30"
            },
            {
                "city": "Mohanganj",
                "arrival_time": "04:00 am BST",
                "halt": null,
                "duration": "01:07",
                "departure_time": null
            }
        ],
        "total_duration": "05:45",
        "train_name": "HAWR EXPRESS (777)"
    },
    "extra": {
        "hash": "46956DC04F11E6DCE43E06B3F32F866C"
    }
}