{
    "data": {
        "days": [
            "Fri",
            "Sat",
            "Sun",
            "Mon",
            "Tue",
            "Thu"
        ],
        "routes": [
            {
                "city": "Santahar",
                "departure_time": "09:15 am BST",
                "halt": null,
                "duration": null,
                "arrival_time": null
            },
            {
                "city": "Bogura",
                "departure_time": "10:03 am BST",
                "arrival_time": "09:58 am BST",
                "halt": "05",
                "duration": "00:43"
            },
            {
                "city": "Sonatola",
                "arrival_time": "10:37 am BST",
                "departure_time": "10:39 am BST",
                "halt": "02",
                "duration": "00:34"
            },
            {
                "city": "Mahimaganj",
                "arrival_time": "10:49 am BST",
                "departure_time": "10:51 am BST",
                "halt": "02",
                "duration": "00:10"
            },
            {
                "city": "Bonar_Para",
                "arrival_time": "11:01 am BST",
                "departure_time": "11:06 am BST",
                "halt": "05",
                "duration": "00:10"
            },
            {
                "city": "Gaibandha",
                "arrival_time": "11:29 am BST",
                "departure_time": "11:32 am BST",
                "halt": "03",
                "duration": "00:23"
            },
            {
                "city": "Bamondanga",
                "arrival_time": "12:09 pm BST",
                "departure_time": "12:12 pm BST",
                "halt": "03",
                "duration": "00:37"
            },
            {
                "city": "Pirgacha",
                "arrival_time": "12:30 pm BST",
                "departure_time": "12:33 pm BST",
                "halt": "03",
                "duration": "00:18"
            },
            {
                "city": "Kaunia",
                "arrival_time": "12:50 pm BST",
                "departure_time": "12:53 pm BST",
                "halt": "03",
                "duration": "00:17"
            },
            {
                "city": "Teesta_Junction",
                "arrival_time": "01:00 pm BST",
                "halt": "---",
                "duration": "00:07"
            },
            {
                "city": "Lalmonirhat",
                "arrival_time": "01:20 pm BST",
                "departure_time": "01:30 pm BST",
                "halt": "10",
                "duration": "---"
            },
            {
                "city": "Aditmari",
                "arrival_time": "01:45 pm BST",
                "departure_time": "01:47 pm BST",
                "halt": "02",
                "duration": "00:15"
            },
            {
                "city": "Kankina",
                "arrival_time": "02:05 pm BST",
                "departure_time": "02:05 pm BST",
                "halt": "00",
                "duration": "00:18"
            },
            {
                "city": "Tushbhandar",
                "arrival_time": "02:14 pm BST",
                "departure_time": "02:16 pm BST",
                "halt": "02",
                "duration": "00:09"
            },
            {
                "city": "Hatibandha",
                "arrival_time": "02:42 pm BST",
                "departure_time": "02:44 pm BST",
                "halt": "02",
                "duration": "00:26"
            },
            {
                "city": "Barkhata",
                "arrival_time": "02:55 pm BST",
                "departure_time": "02:57 pm BST",
                "halt": "02",
                "duration": "00:11"
            },
            {
                "city": "Patgram",
                "arrival_time": "03:20 pm BST",
                "departure_time": "03:23 pm BST",
                "halt": "03",
                "duration": "00:23"
            },
            {
                "city": "Burimari",
                "arrival_time": "03:45 pm BST",
                "halt": null,
                "duration": "00:22",
                "departure_time": null
            }
        ],
        "total_duration": "06:30",
        "train_name": "KOROTOA EXPRESS (713)"
    },
    "extra": {
        "hash": "46956DC04F11E6DCE43E06B3F32F866C"
    }
}