{
    "data": {
        "days": [
            "Fri",
            "Sat",
            "Sun",
            "Mon",
            "Tue",
            "Thu"
        ],
        "routes": [
            {
                "city": "Dhaka",
                "departure_time": "08:45 pm BST",
                "halt": null,
                "duration": null,
                "arrival_time": null
            },
            {
                "city": "Biman_Bandar",
                "arrival_time": "09:08 pm BST",
                "departure_time": "09:13 pm BST",
                "halt": "05",
                "duration": "00:23"
            },
            {
                "city": "Natore",
                "arrival_time": "01:13 am BST",
                "departure_time": "01:16 am BST",
                "halt": "03",
                "duration": "04:00"
            },
            {
                "city": "Madhnagar",
                "arrival_time": "01:31 am BST",
                "departure_time": "01:34 am BST",
                "halt": "03",
                "duration": "00:15"
            },
            {
                "city": "Santahar",
                "arrival_time": "02:15 am BST",
                "departure_time": "02:20 am BST",
                "halt": "05",
                "duration": "00:41"
            },
            {
                "city": "Joypurhat",
                "arrival_time": "02:52 am BST",
                "departure_time": "02:57 am BST",
                "halt": "05",
                "duration": "00:32"
            },
            {
                "city": "Parbatipur",
                "arrival_time": "04:05 am BST",
                "departure_time": "04:15 am BST",
                "halt": "10",
                "duration": "01:08"
            },
            {
                "city": "Badarganj",
                "arrival_time": "04:32 am BST",
                "departure_time": "04:35 am BST",
                "halt": "03",
                "duration": "00:17"
            },
            {
                "city": "Rangpur",
                "arrival_time": "05:01 am BST",
                "departure_time": "05:06 am BST",
                "halt": "05",
                "duration": "00:26"
            },
            {
                "city": "Kaunia",
                "arrival_time": "05:27 am BST",
                "departure_time": "05:30 am BST",
                "halt": "03",
                "duration": "00:21"
            },
            {
                "city": "Kurigram",
                "arrival_time": "06:10 am BST",
                "halt": null,
                "duration": "00:40",
                "departure_time": null
            }
        ],
        "total_duration": "09:25",
        "train_name": "KURIGRAM EXPRESS (797)"
    },
    "extra": {
        "hash": "46956DC04F11E6DCE43E06B3F32F866C"
    }
}