{
    "data": {
        "days": [
            "Sat",
            "Sun",
            "Mon",
            "Tue",
            "Wed",
            "Thu"
        ],
        "routes": [
            {
                "city": "Lalmonirhat",
                "departure_time": "10:00 am BST",
                "halt": null,
                "duration": null,
                "arrival_time": null
            },
            {
                "city": "Teesta_Junction",
                "arrival_time": "10:16 am BST",
                "departure_time": "10:18 am BST",
                "halt": "02",
                "duration": "00:16"
            },
            {
                "city": "Kaunia",
                "arrival_time": "10:25 am BST",
                "departure_time": "10:28 am BST",
                "halt": "03",
                "duration": "00:07"
            },
            {
                "city": "Pirgacha",
                "arrival_time": "10:43 am BST",
                "departure_time": "10:45 am BST",
                "halt": "02",
                "duration": "00:15"
            },
            {
                "city": "Bamondanga",
                "arrival_time": "11:02 am BST",
                "departure_time": "11:05 am BST",
                "halt": "03",
                "duration": "00:17"
            },
            {
                "city": "Gaibandha",
                "arrival_time": "11:34 am BST",
                "departure_time": "11:37 am BST",
                "halt": "03",
                "duration": "00:29"
            },
            {
                "city": "Bonar_Para",
                "arrival_time": "11:59 am BST",
                "departure_time": "12:02 pm BST",
                "halt": "03",
                "duration": "00:22"
            },
            {
                "city": "Sonatola",
                "arrival_time": "12:19 pm BST",
                "departure_time": "12:21 pm BST",
                "halt": "02",
                "duration": "00:17"
            },
            {
                "city": "Bogura",
                "departure_time": "12:54 pm BST",
                "arrival_time": "12:51 pm BST",
                "halt": "03",
                "duration": "00:30"
            },
            {
                "city": "Santahar",
                "arrival_time": "01:35 pm BST",
                "departure_time": "01:40 pm BST",
                "halt": "05",
                "duration": "00:41"
            },
            {
                "city": "Natore",
                "arrival_time": "02:23 pm BST",
                "departure_time": "02:26 pm BST",
                "halt": "03",
                "duration": "00:43"
            },
            {
                "city": "Azim Nagar",
                "arrival_time": "02:51 pm BST",
                "departure_time": "02:53 pm BST",
                "halt": "02",
                "duration": "00:25"
            },
            {
                "city": "Boral_Bridge",
                "arrival_time": "03:31 pm BST",
                "departure_time": "03:33 pm BST",
                "halt": "02",
                "duration": "00:38"
            },
            {
                "city": "Ullapara",
                "arrival_time": "03:52 pm BST",
                "departure_time": "03:54 pm BST",
                "halt": "02",
                "duration": "00:19"
            },
            {
                "city": "SH M Monsur Ali",
                "arrival_time": "04:18 pm BST",
                "departure_time": "04:21 pm BST",
                "halt": "03",
                "duration": "00:24"
            },
            {
                "city": "BBSetu_E",
                "arrival_time": "05:01 pm BST",
                "departure_time": "05:04 pm BST",
                "halt": "03",
                "duration": "00:40"
            },
            {
                "city": "Tangail",
                "departure_time": "05:28 pm BST",
                "arrival_time": "05:26 pm BST",
                "halt": "02",
                "duration": "00:22"
            },
            {
                "city": "Joydebpur",
                "arrival_time": "06:40 pm BST",
                "departure_time": "06:43 pm BST",
                "halt": "03",
                "duration": "01:12"
            },
            {
                "city": "Dhaka",
                "arrival_time": "07:40 pm BST",
                "halt": null,
                "duration": "00:57",
                "departure_time": null
            }
        ],
        "total_duration": "09:40",
        "train_name": "LALMONI EXPRESS (752)"
    },
    "extra": {
        "hash": "46956DC04F11E6DCE43E06B3F32F866C"
    }
}