{
    "data": {
        "days": [
            "Mon",
            "Thu"
        ],
        "routes": [
            {
                "city": "Dhaka",
                "departure_time": "09:50 pm BST",
                "halt": null,
                "duration": null,
                "arrival_time": null
            },
            {
                "city": "New Jalpaiguri",
                "arrival_time": "07:15 am BST",
                "halt": null,
                "duration": "09:25",
                "departure_time": null
            }
        ],
        "total_duration": "09:25",
        "train_name": "MITALI EXPRESS (3131)"
    },
    "extra": {
        "hash": "46956DC04F11E6DCE43E06B3F32F866C"
    }
}