{
    "data": {
        "days": [
            "Fri",
            "Sat",
            "Sun",
            "Mon",
            "Tue",
            "Wed",
            "Thu"
        ],
        "routes": [
            {
                "city": "Dhaka",
                "departure_time": "01:40 pm BST",
                "halt": null,
                "duration": null,
                "arrival_time": null
            },
            {
                "city": "Narayanganj",
                "arrival_time": "02:25 pm BST",
                "halt": null,
                "duration": "00:45",
                "departure_time": null
            }
        ],
        "total_duration": "00:45",
        "train_name": "NARAYANGANJ COMMUTER 10 (1010)"
    },
    "extra": {
        "hash": "46956DC04F11E6DCE43E06B3F32F866C"
    }
}