{
    "data": {
        "days": [
            "Fri",
            "Sat",
            "Sun",
            "Mon",
            "Tue",
            "Wed"
        ],
        "routes": [
            {
                "city": "Chilahati",
                "departure_time": "08:30 am BST",
                "halt": null,
                "duration": null,
                "arrival_time": null
            },
            {
                "city": "Domar",
                "departure_time": "08:51 am BST",
                "arrival_time": "08:48 am BST",
                "halt": "03",
                "duration": "00:18"
            },
            {
                "city": "Nilphamari",
                "departure_time": "09:10 am BST",
                "arrival_time": "09:07 am BST",
                "halt": "03",
                "duration": "00:16"
            },
            {
                "city": "Saidpur",
                "departure_time": "09:35 am BST",
                "arrival_time": "09:30 am BST",
                "halt": "05",
                "duration": "00:20"
            },
            {
                "city": "Parbatipur",
                "arrival_time": "09:55 am BST",
                "departure_time": "10:15 am BST",
                "halt": "20",
                "duration": "00:20"
            },
            {
                "city": "Fulbari",
                "departure_time": "10:39 am BST",
                "arrival_time": "10:36 am BST",
                "halt": "03",
                "duration": "00:21"
            },
            {
                "city": "Birampur",
                "departure_time": "10:53 am BST",
                "arrival_time": "10:50 am BST",
                "halt": "03",
                "duration": "00:11"
            },
            {
                "city": "Joypurhat",
                "arrival_time": "11:22 am BST",
                "departure_time": "11:25 am BST",
                "halt": "03",
                "duration": "00:29"
            },
            {
                "city": "Akkelpur",
                "arrival_time": "11:38 am BST",
                "departure_time": "11:40 am BST",
                "halt": "02",
                "duration": "00:13"
            },
            {
                "city": "Santahar",
                "arrival_time": "12:00 pm BST",
                "departure_time": "12:05 pm BST",
                "halt": "05",
                "duration": "00:20"
            },
            {
                "city": "Ahsanganj",
                "arrival_time": "12:28 pm BST",
                "departure_time": "12:31 pm BST",
                "halt": "03",
                "duration": "00:23"
            },
            {
                "city": "Natore",
                "arrival_time": "12:52 pm BST",
                "departure_time": "12:55 pm BST",
                "halt": "03",
                "duration": "00:21"
            },
            {
                "city": "Ishwardi",
                "arrival_time": "01:40 pm BST",
                "departure_time": "02:00 pm BST",
                "halt": "20",
                "duration": "00:45"
            },
            {
                "city": "Pakshi",
                "arrival_time": "02:10 pm BST",
                "departure_time": "02:12 pm BST",
                "halt": "02",
                "duration": "00:10"
            },
            {
                "city": "Bheramara",
                "arrival_time": "02:24 pm BST",
                "departure_time": "02:27 pm BST",
                "halt": "03",
                "duration": "00:12"
            },
            {
                "city": "Poradaha",
                "arrival_time": "02:44 pm BST",
                "departure_time": "02:47 pm BST",
                "halt": "03",
                "duration": "00:17"
            },
            {
                "city": "Alamdanga",
                "arrival_time": "03:02 pm BST",
                "departure_time": "03:04 pm BST",
                "halt": "02",
                "duration": "00:15"
            },
            {
                "city": "Chuadanga",
                "arrival_time": "03:20 pm BST",
                "departure_time": "03:24 pm BST",
                "halt": "04",
                "duration": "00:16"
            },
            {
                "city": "Darshana_Halt",
                "arrival_time": "03:51 pm BST",
                "departure_time": "03:54 pm BST",
                "halt": "03",
                "duration": "00:27"
            },
            {
                "city": "Kotchandpur",
                "arrival_time": "04:19 pm BST",
                "departure_time": "04:21 pm BST",
                "halt": "02",
                "duration": "00:25"
            },
            {
                "city": "Mubarakganj",
                "arrival_time": "04:33 pm BST",
                "departure_time": "04:35 pm BST",
                "halt": "02",
                "duration": "00:12"
            },
            {
                "city": "Jashore",
                "arrival_time": "05:07 pm BST",
                "departure_time": "05:11 pm BST",
                "halt": "04",
                "duration": "00:32"
            },
            {
                "city": "Noapara",
                "arrival_time": "05:39 pm BST",
                "departure_time": "05:42 pm BST",
                "halt": "03",
                "duration": "00:28"
            },
            {
                "city": "Khulna",
                "arrival_time": "06:20 pm BST",
                "halt": null,
                "duration": "00:38",
                "departure_time": null
            }
        ],
        "total_duration": "09:50",
        "train_name": "RUPSHA EXPRESS (728)"
    },
    "extra": {
        "hash": "46956DC04F11E6DCE43E06B3F32F866C"
    }
}