{
    "data": {
        "days": [
            "Fri",
            "Sat",
            "Sun",
            "Mon",
            "Tue",
            "Wed"
        ],
        "routes": [
            {
                "city": "Khulna",
                "departure_time": "07:15 am BST",
                "halt": null,
                "duration": null,
                "arrival_time": null
            },
            {
                "city": "Noapara",
                "arrival_time": "07:48 am BST",
                "departure_time": "07:51 am BST",
                "halt": "03",
                "duration": "00:33"
            },
            {
                "city": "Jashore",
                "departure_time": "08:23 am BST",
                "arrival_time": "08:19 am BST",
                "halt": "04",
                "duration": "00:28"
            },
            {
                "city": "Mubarakganj",
                "arrival_time": "08:50 am BST",
                "departure_time": "08:52 am BST",
                "halt": "02",
                "duration": "00:27"
            },
            {
                "city": "Kotchandpur",
                "departure_time": "09:05 am BST",
                "arrival_time": "09:03 am BST",
                "halt": "02",
                "duration": "00:11"
            },
            {
                "city": "Darshana_Halt",
                "arrival_time": "09:41 am BST",
                "departure_time": "09:44 am BST",
                "halt": "03",
                "duration": "00:36"
            },
            {
                "city": "Chuadanga",
                "arrival_time": "10:03 am BST",
                "departure_time": "10:06 am BST",
                "halt": "03",
                "duration": "00:19"
            },
            {
                "city": "Alamdanga",
                "arrival_time": "10:22 am BST",
                "departure_time": "10:24 am BST",
                "halt": "02",
                "duration": "00:16"
            },
            {
                "city": "Poradaha",
                "arrival_time": "10:38 am BST",
                "departure_time": "10:41 am BST",
                "halt": "03",
                "duration": "00:14"
            },
            {
                "city": "Bheramara",
                "arrival_time": "10:58 am BST",
                "departure_time": "11:01 am BST",
                "halt": "03",
                "duration": "00:17"
            },
            {
                "city": "Pakshi",
                "arrival_time": "11:13 am BST",
                "departure_time": "11:15 am BST",
                "halt": "02",
                "duration": "00:12"
            },
            {
                "city": "Ishwardi",
                "arrival_time": "11:25 am BST",
                "departure_time": "11:40 am BST",
                "halt": "15",
                "duration": "00:10"
            },
            {
                "city": "Natore",
                "arrival_time": "12:12 pm BST",
                "departure_time": "12:15 pm BST",
                "halt": "03",
                "duration": "00:32"
            },
            {
                "city": "Ahsanganj",
                "arrival_time": "12:54 pm BST",
                "departure_time": "12:57 pm BST",
                "halt": "03",
                "duration": "00:39"
            },
            {
                "city": "Santahar",
                "arrival_time": "01:20 pm BST",
                "departure_time": "01:25 pm BST",
                "halt": "05",
                "duration": "00:23"
            },
            {
                "city": "Akkelpur",
                "arrival_time": "01:45 pm BST",
                "departure_time": "01:47 pm BST",
                "halt": "02",
                "duration": "00:20"
            },
            {
                "city": "Joypurhat",
                "arrival_time": "02:02 pm BST",
                "departure_time": "02:05 pm BST",
                "halt": "03",
                "duration": "00:15"
            },
            {
                "city": "Birampur",
                "departure_time": "02:35 pm BST",
                "arrival_time": "02:33 pm BST",
                "halt": "02",
                "duration": "00:28"
            },
            {
                "city": "Fulbari",
                "departure_time": "02:48 pm BST",
                "arrival_time": "02:46 pm BST",
                "halt": "02",
                "duration": "00:11"
            },
            {
                "city": "Parbatipur",
                "arrival_time": "03:05 pm BST",
                "departure_time": "03:15 pm BST",
                "halt": "10",
                "duration": "00:17"
            },
            {
                "city": "Saidpur",
                "arrival_time": "03:32 pm BST",
                "departure_time": "03:37 pm BST",
                "halt": "05",
                "duration": "00:17"
            },
            {
                "city": "Nilphamari",
                "arrival_time": "04:13 pm BST",
                "departure_time": "04:16 pm BST",
                "halt": "03",
                "duration": "00:36"
            },
            {
                "city": "Domar",
                "arrival_time": "04:32 pm BST",
                "departure_time": "04:35 pm BST",
                "halt": "03",
                "duration": "00:16"
            },
            {
                "city": "Chilahati",
                "arrival_time": "05:05 pm BST",
                "halt": null,
                "duration": "00:30",
                "departure_time": null
            }
        ],
        "total_duration": "09:50",
        "train_name": "RUPSHA EXPRESS (727)"
    },
    "extra": {
        "hash": "46956DC04F11E6DCE43E06B3F32F866C"
    }
}