{
    "data": {
        "days": [
            "Fri",
            "Sat",
            "Sun",
            "Mon",
            "Tue",
            "Thu"
        ],
        "routes": [
            {
                "city": "Rajshahi",
                "departure_time": "06:20 am BST",
                "halt": null,
                "duration": null,
                "arrival_time": null
            },
            {
                "city": "Abdulpur",
                "arrival_time": "07:00 am BST",
                "departure_time": "07:20 am BST",
                "halt": "20",
                "duration": "00:40"
            },
            {
                "city": "Natore",
                "arrival_time": "07:49 am BST",
                "departure_time": "07:52 am BST",
                "halt": "03",
                "duration": "00:29"
            },
            {
                "city": "Madhnagar",
                "arrival_time": "08:05 am BST",
                "departure_time": "08:07 am BST",
                "halt": "02",
                "duration": "00:13"
            },
            {
                "city": "Ahsanganj",
                "arrival_time": "08:16 am BST",
                "departure_time": "08:19 am BST",
                "halt": "03",
                "duration": "00:09"
            },
            {
                "city": "Santahar",
                "departure_time": "08:50 am BST",
                "arrival_time": "08:45 am BST",
                "halt": "05",
                "duration": "00:26"
            },
            {
                "city": "Akkelpur",
                "arrival_time": "09:10 am BST",
                "departure_time": "09:12 am BST",
                "halt": "02",
                "duration": "00:20"
            },
            {
                "city": "Jamalganj",
                "arrival_time": "09:20 am BST",
                "departure_time": "09:22 am BST",
                "halt": "02",
                "duration": "00:08"
            },
            {
                "city": "Joypurhat",
                "departure_time": "09:33 am BST",
                "arrival_time": "09:30 am BST",
                "halt": "03",
                "duration": "00:08"
            },
            {
                "city": "Panchbibi",
                "departure_time": "09:46 am BST",
                "arrival_time": "09:44 am BST",
                "halt": "02",
                "duration": "00:11"
            },
            {
                "city": "Hili",
                "departure_time": "09:58 am BST",
                "arrival_time": "09:56 am BST",
                "halt": "02",
                "duration": "00:10"
            },
            {
                "city": "Birampur",
                "departure_time": "10:13 am BST",
                "arrival_time": "10:10 am BST",
                "halt": "03",
                "duration": "00:12"
            },
            {
                "city": "Fulbari",
                "departure_time": "10:34 am BST",
                "arrival_time": "10:31 am BST",
                "halt": "03",
                "duration": "00:18"
            },
            {
                "city": "Parbatipur",
                "arrival_time": "11:10 am BST",
                "departure_time": "11:30 am BST",
                "halt": "20",
                "duration": "00:36"
            },
            {
                "city": "Saidpur",
                "arrival_time": "11:47 am BST",
                "departure_time": "11:52 am BST",
                "halt": "05",
                "duration": "00:17"
            },
            {
                "city": "Nilphamari",
                "arrival_time": "12:11 pm BST",
                "departure_time": "12:14 pm BST",
                "halt": "03",
                "duration": "00:19"
            },
            {
                "city": "Domar",
                "arrival_time": "12:11 pm BST",
                "departure_time": "12:33 pm BST",
                "halt": "22",
                "duration": "00:03"
            },
            {
                "city": "Chilahati",
                "arrival_time": "01:00 pm BST",
                "halt": null,
                "duration": "00:27",
                "departure_time": null
            }
        ],
        "total_duration": "06:40",
        "train_name": "TITUMIR EXPRESS (733)"
    },
    "extra": {
        "hash": "46956DC04F11E6DCE43E06B3F32F866C"
    }
}