{
    "data": {
        "days": [
            "Fri",
            "Sat",
            "Sun",
            "Mon",
            "Tue",
            "Thu"
        ],
        "routes": [
            {
                "city": "Dhaka",
                "departure_time": "10:00 pm BST",
                "halt": null,
                "duration": null,
                "arrival_time": null
            },
            {
                "city": "Biman_Bandar",
                "arrival_time": "10:23 pm BST",
                "departure_time": "10:28 pm BST",
                "halt": "05",
                "duration": "00:23"
            },
            {
                "city": "Narsingdi",
                "arrival_time": "11:09 pm BST",
                "departure_time": "11:11 pm BST",
                "halt": "02",
                "duration": "00:41"
            },
            {
                "city": "Bhairab_Bazar",
                "arrival_time": "11:40 pm BST",
                "departure_time": "11:42 pm BST",
                "halt": "02",
                "duration": "00:29"
            },
            {
                "city": "Shaistaganj",
                "arrival_time": "01:22 am BST",
                "departure_time": "01:25 am BST",
                "halt": "03",
                "duration": "01:40"
            },
            {
                "city": "Sreemangal",
                "arrival_time": "02:06 am BST",
                "departure_time": "02:11 am BST",
                "halt": "05",
                "duration": "00:41"
            },
            {
                "city": "Bhanugach",
                "arrival_time": "02:30 am BST",
                "departure_time": "02:32 am BST",
                "halt": "02",
                "duration": "00:19"
            },
            {
                "city": "Shamshernagar",
                "arrival_time": "02:41 am BST",
                "departure_time": "02:43 am BST",
                "halt": "02",
                "duration": "00:09"
            },
            {
                "city": "Kulaura",
                "arrival_time": "03:08 am BST",
                "departure_time": "03:11 am BST",
                "halt": "03",
                "duration": "00:25"
            },
            {
                "city": "Baramchal",
                "arrival_time": "03:25 am BST",
                "departure_time": "03:27 am BST",
                "halt": "02",
                "duration": "00:14"
            },
            {
                "city": "Maijgaon",
                "arrival_time": "03:43 am BST",
                "departure_time": "03:45 am BST",
                "halt": "02",
                "duration": "00:16"
            },
            {
                "city": "Sylhet",
                "arrival_time": "05:00 am BST",
                "halt": null,
                "duration": "01:15",
                "departure_time": null
            }
        ],
        "total_duration": "07:00",
        "train_name": "UPABAN EXPRESS (739)"
    },
    "extra": {
        "hash": "46956DC04F11E6DCE43E06B3F32F866C"
    }
}